"発電所コード","エリア","発電所名","ユニット名","発電方式・燃種","対象日","00:30[kWh]","01:00[kWh]","01:30[kWh]","02:00[kWh]","02:30[kWh]","03:00[kWh]","03:30[kWh]","04:00[kWh]","04:30[kWh]","05:00[kWh]","05:30[kWh]","06:00[kWh]","06:30[kWh]","07:00[kWh]","07:30[kWh]","08:00[kWh]","08:30[kWh]","09:00[kWh]","09:30[kWh]","10:00[kWh]","10:30[kWh]","11:00[kWh]","11:30[kWh]","12:00[kWh]","12:30[kWh]","13:00[kWh]","13:30[kWh]","14:00[kWh]","14:30[kWh]","15:00[kWh]","15:30[kWh]","16:00[kWh]","16:30[kWh]","17:00[kWh]","17:30[kWh]","18:00[kWh]","18:30[kWh]","19:00[kWh]","19:30[kWh]","20:00[kWh]","20:30[kWh]","21:00[kWh]","21:30[kWh]","22:00[kWh]","22:30[kWh]","23:00[kWh]","23:30[kWh]","24:00[kWh]","日量[kWh]","更新日時"
"10001","北海道","泊発電所","１号機","原子力","2025/11/25","0","0","0","0","0","0","0","0","0","0","0","0","0","0","0","0","0","0","0","0","0","0","0","0","0","0","0","0","0","0","0","0","0","0","0","0","0","0","0","0","0","0","0","0","0","0","0","0","0","2025/11/26 15:30:06"
"10001","北海道","泊発電所","２号機","原子力","2025/11/25","0","0","0","0","0","0","0","0","0","0","0","0","0","0","0","0","0","0","0","0","0","0","0","0","0","0","0","0","0","0","0","0","0","0","0","0","0","0","0","0","0","0","0","0","0","0","0","0","0","2025/11/26 15:30:06"
"10001","北海道","泊発電所","３号機","原子力","2025/11/25","0","0","0","0","0","0","0","0","0","0","0","0","0","0","0","0","0","0","0","0","0","0","0","0","0","0","0","0","0","0","0","0","0","0","0","0","0","0","0","0","0","0","0","0","0","0","0","0","0","2025/11/26 15:30:06"
"13017","北海道","京極発電所","１号機","水力","2025/11/25","11880","10890","12870","11880","11880","11880","4950","0","0","0","0","0","0","0","0","1980","2970","990","0","0","0","0","0","0","0","0","0","2970","0","0","0","0","0","0","0","0","0","0","8910","9900","4950","0","0","0","0","0","0","0","108900","2025/11/26 15:30:06"
"13017","北海道","京極発電所","２号機","水力","2025/11/25","0","0","0","0","0","0","0","0","0","0","0","0","0","0","0","0","0","0","0","0","0","0","0","0","0","0","0","0","0","0","0","0","0","0","0","0","0","0","0","0","0","0","0","0","0","0","0","0","0","2025/11/26 15:30:06"
"16206","北海道","新冠発電所","１号機","水力","2025/11/25","0","0","0","0","0","0","0","0","0","0","0","0","0","0","0","0","0","0","0","0","0","0","0","0","0","0","0","0","0","0","0","0","10890","44550","43560","42570","22770","0","0","0","0","0","0","0","0","0","0","0","164340","2025/11/26 15:30:06"
"16206","北海道","新冠発電所","２号機","水力","2025/11/25","0","0","0","0","0","0","0","0","0","0","0","0","0","0","0","0","0","0","0","0","0","0","0","0","0","0","0","0","0","0","0","0","5940","43560","42570","41580","6930","990","0","0","0","0","0","0","0","0","0","0","141570","2025/11/26 15:30:06"
"16212","北海道","高見発電所","１号機","水力","2025/11/25","0","0","0","0","0","0","0","0","0","0","0","0","0","0","0","0","0","0","0","0","0","0","0","0","0","0","0","0","0","0","0","0","0","0","0","0","0","0","0","0","0","0","0","0","0","0","0","0","0","2025/11/26 15:30:06"
"16212","北海道","高見発電所","２号機","水力","2025/11/25","0","0","0","0","0","0","0","0","0","0","0","0","0","0","0","0","0","0","0","0","0","0","0","0","0","0","0","0","0","0","0","0","0","0","0","38610","47520","48510","47520","48510","47520","48510","47520","12870","0","0","0","0","387090","2025/11/26 15:30:06"
"10203","北海道","奈井江発電所","１号機","火力（石炭）","2025/11/25","0","0","0","0","0","0","0","0","0","0","0","0","0","0","0","0","0","0","0","0","0","0","0","0","0","0","0","0","0","0","0","0","0","0","0","0","0","0","0","0","0","0","0","0","0","0","0","0","0","2025/11/26 15:30:06"
"10212","北海道","奈井江発電所","２号機","火力（石炭）","2025/11/25","0","0","0","0","0","0","0","0","0","0","0","0","0","0","0","0","0","0","0","0","0","0","0","0","0","0","0","0","0","0","0","0","0","0","0","0","0","0","0","0","0","0","0","0","0","0","0","0","0","2025/11/26 15:30:06"
"10602","北海道","砂川発電所","３号機","火力（石炭）","2025/11/25","0","0","0","0","0","0","0","0","0","0","0","0","0","0","0","0","0","0","0","0","0","0","0","0","0","0","0","0","0","0","0","0","0","0","0","0","0","0","0","0","0","0","0","0","0","0","0","0","0","2025/11/26 15:30:06"
"10215","北海道","砂川発電所","４号機","火力（石炭）","2025/11/25","56430","55440","56430","55440","56430","55440","56430","55440","56430","55440","56430","55440","56430","55440","56430","55440","56430","55440","56430","49500","37620","27720","18810","18810","18810","25740","33660","41580","51480","55440","55440","55440","55440","55440","55440","55440","55440","55440","55440","55440","55440","55440","55440","55440","56430","55440","55440","55440","2441340","2025/11/26 15:30:06"
"10006","北海道","苫東厚真発電所","１号機","火力（石炭）","2025/11/25","158400","159390","158400","159390","158400","159390","158400","159390","158400","159390","158400","159390","158400","159390","158400","159390","158400","147510","157410","159390","136620","128700","129690","137610","146520","156420","157410","159390","156420","154440","153450","154440","153450","154440","153450","154440","153450","154440","153450","154440","153450","154440","153450","154440","153450","154440","153450","154440","7399260","2025/11/26 15:30:06"
"10010","北海道","苫東厚真発電所","２号機","火力（石炭）","2025/11/25","274230","275220","274230","275220","275220","274230","274230","275220","275220","275220","275220","275220","275220","275220","274230","275220","274230","274230","274230","275220","274230","255420","253440","261360","263340","276210","275220","276210","275220","275220","274230","275220","274230","275220","275220","275220","274230","276210","275220","275220","275220","275220","275220","274230","274230","276210","274230","275220","13132350","2025/11/26 15:30:06"
"10011","北海道","苫東厚真発電所","４号機","火力（石炭）","2025/11/25","329670","330660","329670","330660","329670","330660","329670","330660","329670","330660","329670","330660","329670","330660","329670","330660","328680","330660","329670","324720","295020","280170","291060","287100","300960","330660","329670","330660","329670","330660","329670","330660","329670","330660","329670","330660","329670","330660","329670","330660","329670","330660","329670","330660","329670","327690","329670","330660","15642000","2025/11/26 15:30:06"
"10019","北海道","石狩湾新港発電所","１号機","火力（ガス）","2025/11/25","245520","208890","242550","238590","240570","213840","195030","170280","179190","210870","224730","221760","203940","201960","246510","246510","213840","150480","197010","150480","123750","138600","138600","138600","141570","171270","214830","228690","235620","241560","235620","176220","181170","168300","230670","178200","206910","228690","225720","212850","236610","238590","217800","232650","232650","208890","211860","221760","9820800","2025/11/26 15:30:06"
"10205","北海道","伊達発電所","１号機","火力（石油）","2025/11/25","0","0","0","0","0","0","0","0","0","0","0","0","0","0","0","0","0","0","0","0","0","0","0","0","0","0","0","0","0","0","0","0","0","0","0","0","0","0","0","0","0","0","0","0","0","0","0","0","0","2025/11/26 15:30:06"
"10213","北海道","伊達発電所","２号機","火力（石油）","2025/11/25","0","0","0","0","0","0","0","0","0","0","0","0","0","0","0","0","0","0","0","0","0","0","0","0","0","0","0","0","0","0","0","0","0","0","0","0","0","0","0","0","0","0","0","0","0","0","0","0","0","2025/11/26 15:30:06"
"10216","北海道","北海道ﾊﾟﾜｰｴﾝｼﾞﾆｱﾘﾝｸﾞ株式会社　苫小牧共同火力発電所3G","単独","火力（石油）","2025/11/25","121000","122000","121000","122000","121000","122000","121000","122000","121000","122000","121000","122000","121000","100000","55000","14000","0","0","0","0","0","0","0","0","0","0","0","2000","21000","50000","81000","118000","121000","121000","121000","121000","121000","121000","121000","121000","121000","121000","121000","122000","121000","122000","121000","122000","3959000","2025/11/26 15:30:06"
"10207","北海道","知内発電所","１号機","火力（石油）","2025/11/25","0","0","0","0","0","0","0","0","0","0","0","0","0","0","0","0","0","0","0","0","0","0","0","0","0","0","0","0","0","0","0","0","0","0","0","0","0","0","0","0","0","0","0","0","0","0","0","0","0","2025/11/26 15:30:06"
"10214","北海道","知内発電所","２号機","火力（石油）","2025/11/25","0","990","1980","11880","22770","22770","38610","49500","48510","46530","47520","64350","48510","47520","84150","114840","64350","49500","50490","35640","23760","22770","23760","22770","22770","28710","70290","130680","110880","123750","90090","48510","50490","49500","50490","49500","76230","84150","51480","49500","82170","95040","63360","100980","115830","57420","69300","76230","2690820","2025/11/26 15:30:06"
"10204","北海道","苫小牧発電所","単独","火力（石油）","2025/11/25","0","0","0","0","0","0","0","0","0","0","0","0","0","0","0","0","0","0","0","0","0","0","0","0","0","0","0","0","0","0","0","0","0","0","0","0","0","0","0","0","0","0","0","0","0","0","0","0","0","2025/11/26 15:30:06"
"65731","北海道","日本製鉄（株）室蘭中央発電所 第5号発電設備","室蘭中央5号",,"2025/11/25","47000","47000","46000","47000","46000","46000","47000","48000","49000","51000","49000","48000","46000","46000","46000","47000","48000","49000","49000","48000","48000","48000","47000","48000","47000","48000","47000","48000","47000","48000","47000","48000","47000","47000","47000","48000","47000","48000","47000","47000","47000","48000","47000","48000","48000","48000","47000","48000","2280000","2025/11/26 15:30:06"
"15775","北海道","釧路火力発電所","1",,"2025/11/25","49400","49500","49500","49400","49400","49500","49400","49400","49300","49200","49200","49400","49500","49500","49400","49400","49300","49300","49400","49300","49400","49300","49300","49400","49300","49400","49300","49300","49200","49400","49200","49300","49100","49300","49200","49300","49200","49400","49300","49300","49300","49500","49400","49400","49400","49400","49400","49400","2368800","2025/11/26 15:30:06"
"2J102","東北","女川原子力発電所","女川原子力発電所2号機","原子力","2025/11/25","394000","394000","395000","394000","395000","395000","394000","394000","395000","393000","396000","392000","395000","395000","393000","396000","394000","394000","393000","394000","394000","395000","392000","392000","392000","394000","393000","391000","392000","395000","394000","396000","392000","397000","393000","393000","397000","395000","393000","394000","394000","396000","394000","394000","394000","395000","395000","395000","18916000","2025/11/26 15:30:06"
"2J103","東北","女川原子力発電所","女川原子力発電所3号機","原子力","2025/11/25","0","0","0","0","0","0","0","0","0","0","0","0","0","0","0","0","0","0","0","0","0","0","0","0","0","0","0","0","0","0","0","0","0","0","0","0","0","0","0","0","0","0","0","0","0","0","0","0","0","2025/11/26 15:30:06"
"2T406","東北","第二沼沢発電所","１号機","水力","2025/11/25","0","0","0","0","0","0","0","0","0","0","0","0","0","0","0","0","0","0","0","0","0","0","0","0","0","0","0","0","0","0","0","0","67897","69897","68897","70897","69897","69897","0","0","0","0","0","0","0","0","0","0","417382","2025/11/26 15:30:06"
"2T407","東北","第二沼沢発電所","２号機","水力","2025/11/25","0","0","0","0","0","0","0","0","0","0","0","0","0","0","0","0","0","0","0","0","0","0","0","0","0","0","0","0","0","0","0","0","0","0","0","0","0","0","0","0","0","0","0","0","0","0","0","0","0","2025/11/26 15:30:06"
"30201","東北","電源開発下郷発電所","1号機","水力","2025/11/25","0","0","0","0","0","0","0","0","0","0","0","0","0","0","0","0","0","0","0","0","0","0","0","0","0","0","0","0","0","0","0","0","0","0","0","0","0","0","0","0","0","0","0","0","0","0","0","0","0","2025/11/26 15:30:06"
"30201","東北","電源開発下郷発電所","2号機","水力","2025/11/25","0","0","0","0","0","0","0","0","0","0","0","0","0","0","0","0","0","0","0","0","0","0","0","0","0","0","0","0","0","0","0","0","0","20000","62000","60000","0","0","0","0","0","0","0","0","0","0","0","0","142000","2025/11/26 15:30:06"
"30201","東北","電源開発下郷発電所","3号機","水力","2025/11/25","0","0","0","0","0","0","0","0","0","0","0","0","0","0","0","0","0","0","0","0","0","0","0","0","0","0","0","0","0","0","4000","72000","62000","66000","60000","61000","61000","62000","33000","0","0","0","0","0","0","0","0","0","481000","2025/11/26 15:30:06"
"30201","東北","電源開発下郷発電所","4号機","水力","2025/11/25","0","0","0","0","0","0","0","0","0","0","0","0","0","0","0","0","0","0","0","0","0","0","0","0","0","0","0","0","0","0","0","26000","61000","67000","61000","62000","60000","18000","0","0","0","0","0","0","0","0","0","0","355000","2025/11/26 15:30:06"
"31003","東北","電源開発奥只見発電所","1号機","水力","2025/11/25","0","0","0","0","0","0","0","0","0","1000","32000","31000","31000","32000","31000","32000","32000","32000","47000","0","0","0","0","0","14000","45000","40000","39000","49000","48000","49000","48000","31000","49000","47000","45000","46000","46000","45000","46000","0","0","0","0","0","0","0","0","988000","2025/11/26 15:30:06"
"31003","東北","電源開発奥只見発電所","2号機","水力","2025/11/25","0","0","0","0","0","0","0","0","0","0","0","0","0","0","0","0","0","0","0","19000","29000","30000","29000","30000","34000","45000","40000","40000","0","0","0","0","0","0","0","0","0","0","0","0","0","0","0","0","0","0","0","0","296000","2025/11/26 15:30:06"
"31003","東北","電源開発奥只見発電所","3号機","水力","2025/11/25","0","0","0","0","0","0","0","0","0","0","0","0","0","0","0","0","0","0","29000","61000","62000","61000","62000","61000","44000","0","0","0","0","0","0","0","22000","0","0","0","0","0","0","0","0","0","0","0","0","0","0","0","402000","2025/11/26 15:30:06"
"31003","東北","電源開発奥只見発電所","4号機","水力","2025/11/25","0","0","0","0","0","0","0","0","0","0","0","0","0","0","0","0","0","0","0","0","0","0","0","0","0","0","0","0","0","0","0","0","0","0","0","0","0","0","0","0","0","0","0","0","0","0","0","0","0","2025/11/26 15:30:06"
"31201","東北","電源開発奥清津発電所","1号機","水力","2025/11/25","0","0","0","0","0","0","0","0","0","0","0","0","0","0","0","0","0","0","0","0","0","0","0","0","0","0","0","0","0","0","0","0","0","0","0","0","0","0","0","0","0","0","0","0","0","0","0","0","0","2025/11/26 15:30:06"
"31201","東北","電源開発奥清津発電所","2号機","水力","2025/11/25","0","0","0","0","0","0","0","0","0","0","0","0","0","0","0","0","0","0","0","0","0","0","0","0","0","0","0","0","0","0","0","0","0","0","0","0","0","0","0","0","0","0","0","0","0","0","0","0","0","2025/11/26 15:30:06"
"31201","東北","電源開発奥清津発電所","3号機","水力","2025/11/25","0","0","0","0","0","0","0","0","0","0","0","0","0","0","0","0","0","0","0","0","0","0","0","0","0","0","0","0","0","0","0","0","0","0","0","0","0","0","0","0","0","0","0","0","0","0","0","0","0","2025/11/26 15:30:06"
"31201","東北","電源開発奥清津発電所","4号機","水力","2025/11/25","0","0","0","0","0","0","0","0","0","0","0","0","0","0","0","0","0","0","0","0","0","0","0","0","0","0","0","0","0","0","0","0","0","0","0","0","0","0","0","0","0","0","0","0","0","0","0","0","0","2025/11/26 15:30:06"
"31204","東北","電源開発奥清津第二発電所","1号機","水力","2025/11/25","0","0","0","0","0","0","0","0","0","0","0","0","0","0","0","0","0","0","42000","75000","35000","40000","75000","76000","9000","0","0","0","0","0","0","0","64000","81000","73000","75000","75000","41000","0","0","0","0","0","0","0","0","0","0","761000","2025/11/26 15:30:06"
"31204","東北","電源開発奥清津第二発電所","2号機","水力","2025/11/25","0","0","0","0","0","0","0","0","0","0","0","0","0","0","0","39000","61000","65000","60000","62000","60000","60000","61000","63000","60000","59000","59000","60000","59000","60000","60000","63000","76000","69000","59000","62000","63000","59000","59000","59000","5000","0","0","0","0","0","0","9000","1531000","2025/11/26 15:30:06"
"2T402","東北","電源開発田子倉発電所(東北)","1号機","水力","2025/11/25","0","0","0","0","0","0","0","0","0","0","0","0","0","0","0","0","0","0","0","0","0","0","0","0","0","0","0","0","0","0","0","0","0","0","0","0","0","0","0","0","0","0","0","0","0","0","0","0","0","2025/11/26 15:30:06"
"2T402","東北","電源開発田子倉発電所(東北)","2号機","水力","2025/11/25","0","0","0","0","0","0","0","0","0","0","0","0","0","0","0","0","0","0","0","0","0","0","0","0","0","0","0","0","0","0","0","0","0","0","0","0","0","0","0","0","0","0","0","0","0","0","0","0","0","2025/11/26 15:30:06"
"2T402","東北","電源開発田子倉発電所(東北)","3号機","水力","2025/11/25","0","0","0","0","0","0","0","0","0","0","0","0","0","0","0","0","0","0","0","0","0","0","0","0","0","0","0","0","0","0","0","2000","18000","17000","18000","17000","18000","17000","18000","16000","0","0","0","0","0","0","0","0","141000","2025/11/26 15:30:06"
"2T402","東北","電源開発田子倉発電所(東北)","4号機","水力","2025/11/25","0","0","0","0","0","0","0","0","0","0","0","0","0","0","0","0","0","0","0","0","0","0","0","0","0","0","0","0","0","0","0","0","0","0","0","0","0","0","0","0","0","0","0","0","0","0","0","0","0","2025/11/26 15:30:06"
"2K210","東北","仙台パワーステーション","単独","火力（石炭）","2025/11/25","0","0","0","0","0","0","0","0","0","0","0","0","0","0","0","0","0","0","0","0","0","0","0","0","0","0","0","0","0","0","0","0","0","0","0","0","0","0","0","0","0","0","0","0","0","0","0","0","0","2025/11/26 15:30:06"
"606622S316","東北","勿来発電所","勿来7号機","火力（石炭）","2025/11/25","61000","61000","60000","61000","61000","61000","61000","61000","61000","61000","61000","60000","76000","91000","90000","91000","91000","90000","75000","59000","60000","59000","60000","59000","60000","60000","75000","90000","90000","90000","91000","105000","120000","119000","118000","119000","119000","119000","103000","90000","91000","90000","90000","91000","90000","76000","60000","61000","3848000","2025/11/26 15:30:06"
"606622S317","東北","勿来発電所","勿来8号機（東北系）","火力（石炭）","2025/11/25","163227","163271","163363","163324","163335","163232","163195","163164","163279","163247","163385","163319","174292","187322","187420","187452","187477","187481","187356","187663","187224","187373","187469","187389","187613","187349","187437","187594","187378","187437","190095","211852","242904","275415","285163","285499","285469","285613","285443","282037","236890","190575","187293","187475","185657","163432","163227","163334","9427440","2025/11/26 15:30:06"
"606622S318","東北","勿来発電所","勿来9号機（東北系）","火力（石炭）","2025/11/25","185105","185369","185341","185197","185369","185252","185217","185326","185095","185325","185230","185176","185298","185296","185135","185404","185330","185280","185260","185365","185408","185165","185209","185234","185248","185341","185183","185354","185099","185453","185289","185244","185292","185258","185111","185341","185278","185221","185370","185302","185270","185310","185265","185297","185314","185175","185329","185237","8892967","2025/11/26 15:30:06"
"2U308","東北","東北電力原町火力発電所１号機","１号機","火力（石炭）","2025/11/25","0","0","0","0","0","0","0","0","0","0","0","0","0","0","0","0","0","0","0","0","0","0","0","0","0","0","0","0","0","0","0","0","0","0","0","0","0","0","0","0","0","0","0","0","0","0","0","0","0","2025/11/26 15:30:06"
"2U309","東北","東北電力原町火力発電所２号機","２号機","火力（石炭）","2025/11/25","439700","443900","445100","443000","443900","437600","446400","443600","443800","442000","443900","445100","441000","462300","472500","470700","445400","451600","469600","468300","468100","470300","468500","470200","470100","469400","468700","469500","469500","467700","470500","468900","468500","469600","469400","468500","467800","469500","469100","470800","471300","470400","471300","470500","469900","471200","470000","472300","22150900","2025/11/26 15:30:06"
"2F104","東北","東北電力能代火力発電所１号機","１号機","火力（石炭）","2025/11/25","268142","267539","267319","268441","268511","268611","268413","268491","268100","268142","267417","265034","267338","277196","283564","283601","282287","270138","279112","283662","282640","283564","283741","283424","282620","283274","282648","283564","283714","283472","283834","282810","283691","283734","282860","283834","283492","282620","283594","282698","283544","282740","283834","282987","283884","283884","283911","282820","13374490","2025/11/26 15:30:06"
"2F105","東北","東北電力能代火力発電所２号機","２号機","火力（石炭）","2025/11/25","0","0","0","0","0","0","0","0","0","0","0","0","0","0","0","0","0","0","0","0","0","0","0","0","0","0","0","0","0","0","0","0","0","0","0","0","0","0","0","0","0","0","0","0","0","0","0","0","0","2025/11/26 15:30:06"
"2F109","東北","東北電力能代火力発電所３号機","３号機","火力（石炭）","2025/11/25","266207","266500","266280","267448","267518","267618","266476","267498","267109","266207","267322","267635","257801","275733","283375","280578","267902","267351","276797","284417","283349","283375","284498","283235","283329","283085","284301","283375","283525","284227","283645","283519","284448","283545","283569","283645","284247","283329","283405","284351","283355","283449","283645","284642","283695","283695","284668","283529","13342452","2025/11/26 15:30:06"
"2500125017","東北","相馬共同火力発電株式会社新地火力発電所","新地1号機","火力（石炭）","2025/11/25","442973","448000","448000","451973","441943","438000","446471","441446","446679","440917","449473","442531","428584","462444","470030","470528","452443","450531","471944","471972","472944","470530","470971","471972","472472","471471","471500","471471","471000","471972","470971","471000","473445","469500","470058","472415","471000","471972","471972","471529","474447","469531","471500","473472","469559","473973","472056","471500","22223085","2025/11/26 15:30:06"
"2500125017","東北","相馬共同火力発電株式会社新地火力発電所","新地2号機","火力（石炭）","2025/11/25","442027","448000","448000","451027","440057","438000","445529","439554","435321","438083","448527","443469","431416","460556","470970","471472","450557","451469","470056","471028","471056","471470","470029","471028","471528","470529","471500","470529","471000","471028","470029","471000","471555","469500","471942","469585","471000","471028","471028","472471","472553","470469","471500","472528","471441","473027","473944","471500","22190915","2025/11/26 15:30:06"
"O674624B07","東北","相馬石炭・バイオマス発電所","単独","火力（石炭）","2025/11/25","51000","50000","51000","50000","51000","50000","51000","51000","50000","51000","50000","51000","50000","51000","50000","51000","50000","51000","50000","51000","51000","50000","51000","50000","50000","51000","50000","51000","51000","50000","51000","50000","51000","50000","51000","50000","51000","50000","51000","50000","51000","50000","51000","50000","51000","50000","51000","50000","2425000","2025/11/26 15:30:06"
"2J138","東北","石巻雲雀野発電所","1号機","火力（石炭）","2025/11/25","68000","68000","67000","68000","68000","67000","68000","68000","68000","67000","68000","68000","67000","68000","68000","68000","67000","68000","68000","67000","68000","68000","67000","68000","68000","68000","67000","68000","68000","67000","68000","68000","68000","67000","68000","68000","67000","68000","68000","68000","67000","68000","68000","67000","68000","68000","68000","67000","3250000","2025/11/26 15:30:06"
"51842","東北","糸魚川発電所","単独","火力（石炭）","2025/11/25","0","0","0","0","0","0","0","0","0","0","0","0","0","0","0","0","0","0","0","0","0","0","0","0","0","0","0","0","0","0","0","0","0","0","0","0","0","0","0","0","0","0","0","0","0","0","0","0","0","2025/11/26 15:30:06"
"528522M101","東北","酒田共同火力発電所","１号機","火力（石炭）","2025/11/25","0","0","0","0","0","0","0","0","0","0","0","0","0","0","0","0","0","0","3952","4594","8898","14640","24546","34725","45322","67493","76980","93075","106242","110804","111834","112459","111095","132595","156638","159279","159415","161189","160189","159578","129172","93713","66713","62405","60917","60896","60928","59976","2610262","2025/11/26 15:30:06"
"528522M101","東北","酒田共同火力発電所","２号機","火力（石炭）","2025/11/25","45000","45000","46000","45000","45000","44000","45000","44000","44000","45000","44000","45000","44000","44000","45000","44000","45000","44000","45048","44406","46102","46360","47454","48275","49678","51507","51020","52925","51758","52196","53166","52541","51905","53405","54362","71721","68585","70811","56811","54422","54828","53287","52287","60595","68083","59104","51072","51024","2427738","2025/11/26 15:30:06"
"4B189","東北","上越火力発電所","１-１号機","火力（ガス）","2025/11/25","265000","255000","258000","275000","275000","279000","268000","254000","251000","257000","231000","209000","236000","250000","265000","244000","267000","277000","275000","275000","272000","275000","270000","273000","270000","272000","267000","271000","269000","271000","269000","272000","269000","275000","270000","274000","270000","274000","272000","275000","269000","270000","270000","274000","264000","264000","257000","254000","12718000","2025/11/26 15:30:06"
"4B190","東北","上越火力発電所","１-２号機","火力（ガス）","2025/11/25","262000","255000","257000","271000","269000","273000","263000","255000","250000","257000","231000","213000","236000","251000","263000","246000","263000","275000","271000","275000","272000","275000","269000","273000","268000","272000","267000","271000","269000","270000","269000","271000","270000","273000","271000","271000","269000","271000","272000","274000","267000","263000","265000","275000","265000","264000","261000","254000","12667000","2025/11/26 15:30:06"
"4B191","東北","上越火力発電所","２-１号機","火力（ガス）","2025/11/25","256000","246000","249000","267000","274000","278000","262000","245000","242000","249000","223000","204000","227000","242000","257000","236000","263000","281000","274000","279000","274000","276000","272000","274000","271000","274000","269000","273000","270000","273000","270000","273000","272000","275000","272000","275000","272000","275000","273000","276000","271000","271000","273000","276000","259000","258000","254000","246000","12621000","2025/11/26 15:30:06"
"4B192","東北","上越火力発電所","２-２号機","火力（ガス）","2025/11/25","271000","260000","266000","281000","281000","285000","273000","261000","256000","263000","235000","212000","239000","259000","270000","246000","273000","282000","280000","283000","279000","280000","277000","279000","276000","277000","275000","278000","274000","277000","275000","280000","275000","280000","276000","280000","277000","280000","278000","280000","274000","274000","276000","278000","268000","268000","260000","258000","12985000","2025/11/26 15:30:06"
"29538","東北","東北電力上越火力発電所１号機","１号機","火力（ガス）","2025/11/25","294000","273000","294000","293000","256000","292000","284000","282000","282000","283000","281000","282000","283000","282000","282000","282000","282000","282000","283000","282000","282000","282000","282000","282000","282000","282000","282000","283000","282000","282000","282000","282000","282000","282000","283000","282000","282000","282000","282000","282000","289000","89000","69000","69000","70000","272000","294000","293000","12741000","2025/11/26 15:30:06"
"2K218","東北","東北電力仙台火力発電所４号機","４号機","火力（ガス）","2025/11/25","27000","35000","54000","68000","67000","70000","87000","106000","109000","125000","174000","166000","176000","178000","143000","126000","208000","186000","192000","199000","187000","172000","189000","210000","196000","171000","153000","165000","164000","176000","178000","172000","168000","144000","122000","127000","138000","117000","130000","116000","120000","155000","140000","117000","115000","108000","70000","0","6516000","2025/11/26 15:30:06"
"2A129","東北","東北電力八戸火力発電所５号機","５号機","火力（ガス）","2025/11/25","0","0","0","0","0","0","0","0","0","0","0","0","0","0","0","0","0","0","0","4000","13000","13000","14000","15000","24000","43000","84000","88000","151000","185000","166000","171000","177000","170000","179000","188000","176000","90000","99000","94000","125000","110000","104000","108000","99000","108000","95000","122000","3015000","2025/11/26 15:30:06"
"2K219","東北","東北電力新仙台火力発電所３号系列","３-１号機","火力（ガス）","2025/11/25","211000","227000","218000","234000","189000","215000","211000","200000","230000","213000","240000","209000","203000","230000","190000","162000","241000","235000","247000","252000","237000","224000","237000","248039","248084","214110","144000","190281","202332","211360","210000","201395","143610","191571","209550","231000","240517","225533","238518","189574","142641","104000","139894","235204","236000","208000","247000","201000","10108213","2025/11/26 15:30:06"
"2K219","東北","東北電力新仙台火力発電所３号系列","３-２号機","火力（ガス）","2025/11/25","0","0","0","0","0","0","0","0","0","0","0","0","0","0","0","0","0","0","0","0","0","0","0","1962","19917","23891","47000","72720","98669","117641","120000","130606","225391","255430","257451","257000","256484","258468","257483","257427","257360","231000","114107","12797","0","0","0","0","3272804","2025/11/26 15:30:06"
"2V402","東北","東北電力東新潟火力発電所３号系列","３-１号系列","火力（ガス）","2025/11/25","111282","110750","97560","100928","116017","113664","119141","111249","104579","95887","93676","107493","137931","147662","140657","151097","220185","227833","221757","161868","207187","153836","140739","165282","137717","138664","144684","148848","146624","148523","143688","187021","154810","159383","153975","154105","138572","142878","180708","137943","152840","195393","143246","142058","142268","146645","130650","97091","6926594","2025/11/26 15:30:06"
"2V402","東北","東北電力東新潟火力発電所３号系列","３-２号系列","火力（ガス）","2025/11/25","0","0","0","0","0","0","0","0","0","0","0","0","0","0","0","0","0","0","0","0","0","0","0","0","0","0","0","0","0","0","0","0","0","0","0","0","0","0","0","0","0","0","0","0","0","0","0","0","0","2025/11/26 15:30:06"
"2V403","東北","東北電力東新潟火力発電所４号系列","４-１号系列","火力（ガス）","2025/11/25","103541","113665","100458","100928","102482","131151","205078","212740","260958","319949","301517","295117","319883","307059","271544","260276","389255","384958","392491","389462","391790","366462","345984","324694","315479","311504","349002","357431","345053","295090","283465","339771","342934","322676","234860","247738","282021","323923","382039","318931","339969","397659","404227","368370","375782","302089","232050","224280","14087785","2025/11/26 15:30:06"
"2V403","東北","東北電力東新潟火力発電所４号系列","４-２号系列","火力（ガス）","2025/11/25","204177","218585","198982","225144","247501","266185","300781","323011","325463","310164","289807","283390","306186","297279","260799","246627","371560","371209","378752","378670","379023","354702","333277","310024","301804","297832","335314","343721","333323","282387","266847","319208","327256","310941","223165","231157","266407","311199","370253","310126","329191","381948","388527","358572","366950","294266","222300","212629","14566621","2025/11/26 15:30:06"
"6AQR25002","東北","福島天然ガス発電所","1号機","火力（ガス）","2025/11/25","145064","140064","140048","140050","139058","140045","140048","139048","141064","139048","140062","178208","280313","276762","277812","276861","274903","276663","275534","273259","257317","256343","255329","256346","255341","258137","272488","272489","272599","271591","272658","270643","272591","271641","273603","272630","274587","272944","273992","274555","274649","274826","275030","274099","276083","236310","204352","203369","11310456","2025/11/26 15:30:06"
"6AQR25002","東北","福島天然ガス発電所","2号機","火力（ガス）","2025/11/25","144936","139936","139952","139950","138942","139955","139952","138952","140936","138952","139938","177792","279687","279238","280188","279139","277097","279337","278466","274741","256683","255657","254671","255654","254659","257863","275512","275511","275401","274409","275342","273357","275409","274359","276397","275370","277413","275056","276008","277445","277351","277174","276970","275901","277917","235690","203648","202631","11367544","2025/11/26 15:30:06"
"2S319","東北","福島いわきバイオマス発電所","1","その他","2025/11/25","50800","50400","50800","50800","50800","51200","50800","50800","51600","51200","51600","51200","51200","51200","50800","51200","51200","51200","50800","51200","50800","51200","50800","51200","50800","51200","51200","50800","51200","51200","50800","51200","50800","51200","50800","51200","50800","51200","51200","51200","51600","51200","50800","50800","50800","50800","50400","50800","2448800","2025/11/26 15:30:06"
"65732","東北","日本製鉄(株) 釜石火力発電所","釜石火力発電所",,"2025/11/25","66400","66300","66300","66300","66300","66300","66020","66300","66480","66200","66020","66300","66300","66300","66200","66300","59000","56400","53400","47820","48100","48020","47920","48200","48300","48300","48200","55100","55920","58420","65820","65920","65740","66300","66120","65920","65920","66020","65740","65920","66020","65920","66020","66020","66020","66020","65640","65920","2970420","2025/11/26 15:30:06"
"2W422","東北","東北電力東新潟火力発電所１号機","１号機",,"2025/11/25","0","0","0","0","0","0","0","0","0","0","0","0","0","0","0","0","0","0","0","0","0","0","0","0","0","0","0","0","0","0","0","0","0","0","0","0","0","0","0","0","0","0","0","0","0","0","0","0","0","2025/11/26 15:30:06"
"2W423","東北","東北電力東新潟火力発電所２号機","２号機",,"2025/11/25","129000","125000","119000","124000","129000","120000","120000","121000","120000","132000","121000","122000","184000","206000","232000","197000","244000","264000","256000","231000","269000","279000","283000","284000","282000","237000","199000","187000","157000","129000","139000","168000","156000","151000","135000","132000","125000","101000","113000","107000","95000","112000","95000","88000","96000","123000","154000","135000","7827000","2025/11/26 15:30:06"
"21001","東北","東通原子力発電所","東通原子力発電所1号機",,"2025/11/25","0","0","0","0","0","0","0","0","0","0","0","0","0","0","0","0","0","0","0","0","0","0","0","0","0","0","0","0","0","0","0","0","0","0","0","0","0","0","0","0","0","0","0","0","0","0","0","0","0","2025/11/26 15:30:06"
"31202","東京","東京柏崎刈羽","柏崎刈羽1号機","原子力","2025/11/25","0","0","0","0","0","0","0","0","0","0","0","0","0","0","0","0","0","0","0","0","0","0","0","0","0","0","0","0","0","0","0","0","0","0","0","0","0","0","0","0","0","0","0","0","0","0","0","0","0","2025/11/26 15:30:06"
"31202","東京","東京柏崎刈羽","柏崎刈羽2号機","原子力","2025/11/25","0","0","0","0","0","0","0","0","0","0","0","0","0","0","0","0","0","0","0","0","0","0","0","0","0","0","0","0","0","0","0","0","0","0","0","0","0","0","0","0","0","0","0","0","0","0","0","0","0","2025/11/26 15:30:06"
"31202","東京","東京柏崎刈羽","柏崎刈羽3号機","原子力","2025/11/25","0","0","0","0","0","0","0","0","0","0","0","0","0","0","0","0","0","0","0","0","0","0","0","0","0","0","0","0","0","0","0","0","0","0","0","0","0","0","0","0","0","0","0","0","0","0","0","0","0","2025/11/26 15:30:06"
"31202","東京","東京柏崎刈羽","柏崎刈羽4号機","原子力","2025/11/25","0","0","0","0","0","0","0","0","0","0","0","0","0","0","0","0","0","0","0","0","0","0","0","0","0","0","0","0","0","0","0","0","0","0","0","0","0","0","0","0","0","0","0","0","0","0","0","0","0","2025/11/26 15:30:06"
"31202","東京","東京柏崎刈羽","柏崎刈羽5号機","原子力","2025/11/25","0","0","0","0","0","0","0","0","0","0","0","0","0","0","0","0","0","0","0","0","0","0","0","0","0","0","0","0","0","0","0","0","0","0","0","0","0","0","0","0","0","0","0","0","0","0","0","0","0","2025/11/26 15:30:06"
"31202","東京","東京柏崎刈羽","柏崎刈羽6号機","原子力","2025/11/25","0","0","0","0","0","0","0","0","0","0","0","0","0","0","0","0","0","0","0","0","0","0","0","0","0","0","0","0","0","0","0","0","0","0","0","0","0","0","0","0","0","0","0","0","0","0","0","0","0","2025/11/26 15:30:06"
"31202","東京","東京柏崎刈羽","柏崎刈羽7号機","原子力","2025/11/25","0","0","0","0","0","0","0","0","0","0","0","0","0","0","0","0","0","0","0","0","0","0","0","0","0","0","0","0","0","0","0","0","0","0","0","0","0","0","0","0","0","0","0","0","0","0","0","0","0","2025/11/26 15:30:06"
"30302","東京","東海第二発電所","単独","原子力","2025/11/25","0","0","0","0","0","0","0","0","0","0","0","0","0","0","0","0","0","0","0","0","0","0","0","0","0","0","0","0","0","0","0","0","0","0","0","0","0","0","0","0","0","0","0","0","0","0","0","0","0","2025/11/26 15:30:06"
"30203","東京","今市発電所","1号機","水力","2025/11/25","0","0","0","0","0","0","0","0","0","0","0","0","0","0","0","0","0","0","0","0","0","0","0","0","0","0","0","0","0","0","0","0","0","0","0","0","0","0","0","0","0","0","0","0","0","0","0","0","0","2025/11/26 15:30:06"
"30203","東京","今市発電所","2号機","水力","2025/11/25","0","0","0","0","0","0","0","0","0","0","0","0","0","0","0","0","0","0","0","0","0","0","0","0","0","0","0","0","0","0","0","0","0","0","0","0","0","0","0","0","0","0","0","0","0","0","0","0","0","2025/11/26 15:30:06"
"30203","東京","今市発電所","3号機","水力","2025/11/25","0","0","0","0","0","0","0","0","0","0","0","0","0","0","0","0","0","0","0","0","0","0","0","0","0","0","0","0","0","0","0","0","0","0","0","0","0","0","0","0","0","0","0","0","0","0","0","0","0","2025/11/26 15:30:06"
"30202","東京","塩原発電所","1号機","水力","2025/11/25","0","0","0","0","0","0","0","0","0","0","0","0","0","0","0","0","0","0","0","0","0","0","0","0","0","0","0","0","0","0","0","0","0","0","0","0","0","0","0","0","0","0","0","0","0","0","0","0","0","2025/11/26 15:30:06"
"30202","東京","塩原発電所","2号機","水力","2025/11/25","0","0","0","0","0","0","0","0","0","0","0","0","0","0","0","0","0","0","0","0","0","0","0","0","0","0","0","0","0","0","0","0","0","0","0","0","0","0","0","0","0","0","0","0","0","0","0","0","0","2025/11/26 15:30:06"
"30202","東京","塩原発電所","3号機","水力","2025/11/25","0","0","0","0","0","0","0","0","0","0","0","0","0","0","0","0","0","0","0","0","0","0","0","0","0","0","0","0","0","0","0","0","0","0","0","0","0","0","0","0","0","0","0","0","0","0","0","0","0","2025/11/26 15:30:06"
"31302","東京","安曇発電所","1号機","水力","2025/11/25","0","0","0","0","0","0","0","0","0","0","0","0","0","0","0","0","0","0","0","0","0","0","0","0","0","0","0","0","0","0","0","0","0","0","0","0","0","0","0","0","0","0","0","0","0","0","0","0","0","2025/11/26 15:30:06"
"31302","東京","安曇発電所","2号機","水力","2025/11/25","0","0","0","0","0","0","0","0","0","0","0","0","0","0","0","0","0","0","0","0","0","0","0","0","0","0","0","0","0","0","0","0","0","0","0","0","0","0","0","0","0","0","0","0","0","0","0","0","0","2025/11/26 15:30:06"
"31302","東京","安曇発電所","3号機","水力","2025/11/25","0","0","0","0","0","0","0","0","0","0","0","0","0","0","0","0","0","0","0","0","0","0","0","0","0","0","0","0","0","0","0","0","0","0","0","0","0","0","0","0","0","0","0","0","0","0","0","0","0","2025/11/26 15:30:06"
"31302","東京","安曇発電所","4号機","水力","2025/11/25","0","0","0","0","0","0","0","0","0","0","0","0","0","0","0","0","0","0","0","0","0","0","0","0","0","0","0","0","0","0","0","0","0","0","0","0","0","0","0","0","0","0","0","0","0","0","0","0","0","2025/11/26 15:30:06"
"31302","東京","安曇発電所","5号機","水力","2025/11/25","0","0","0","0","0","0","0","0","0","0","0","0","0","0","0","0","0","0","0","0","0","0","0","0","0","0","0","0","0","0","0","0","0","0","0","0","0","0","0","0","0","0","0","0","0","0","0","0","0","2025/11/26 15:30:06"
"31302","東京","安曇発電所","6号機","水力","2025/11/25","0","0","0","0","0","0","0","0","0","0","0","0","0","0","0","0","0","0","0","0","0","0","0","0","0","0","0","0","0","0","0","0","0","0","0","0","0","0","0","0","0","0","0","0","0","0","0","0","0","2025/11/26 15:30:06"
"31301","東京","新高瀬川発電所","1号機","水力","2025/11/25","0","0","0","0","0","0","0","0","0","0","0","0","0","0","0","0","0","0","0","0","0","26000","14000","0","0","0","52000","107000","107000","106000","103000","0","0","0","0","0","0","0","0","0","0","0","0","0","0","0","0","0","515000","2025/11/26 15:30:06"
"31301","東京","新高瀬川発電所","2号機","水力","2025/11/25","0","0","0","0","0","0","0","0","0","0","0","0","0","0","0","0","0","0","0","0","0","0","0","0","0","0","0","0","0","0","0","0","0","0","0","0","0","0","0","0","0","0","0","0","0","0","0","0","0","2025/11/26 15:30:06"
"31301","東京","新高瀬川発電所","3号機","水力","2025/11/25","0","0","0","0","0","0","0","0","0","0","0","0","0","0","0","0","0","0","0","0","0","0","0","0","0","0","0","0","0","0","0","0","0","0","0","0","0","0","0","0","0","0","0","0","0","0","0","0","0","2025/11/26 15:30:06"
"31301","東京","新高瀬川発電所","4号機","水力","2025/11/25","0","0","0","0","0","0","0","0","0","0","0","0","0","0","0","0","0","0","0","0","0","0","0","0","0","0","0","0","0","0","0","0","0","0","0","0","0","0","0","0","0","0","0","0","0","0","0","0","0","2025/11/26 15:30:06"
"31007","東京","玉原発電所","1号機","水力","2025/11/25","0","0","0","0","0","0","0","0","0","0","0","0","0","0","0","0","0","0","0","0","0","0","0","0","0","0","0","21000","90000","90000","24000","0","0","0","0","0","0","0","0","0","0","0","0","0","0","0","0","0","225000","2025/11/26 15:30:06"
"31007","東京","玉原発電所","2号機","水力","2025/11/25","0","0","0","0","0","0","0","0","0","0","0","0","0","0","0","0","91000","92000","90000","7000","0","0","0","0","0","0","0","0","0","0","0","0","38000","90000","90000","89000","88000","0","0","0","0","0","0","0","0","0","0","0","675000","2025/11/26 15:30:06"
"31007","東京","玉原発電所","3号機","水力","2025/11/25","0","0","0","0","0","0","0","0","0","0","0","0","0","0","0","0","0","0","0","0","0","0","0","0","0","0","0","0","0","0","0","0","0","0","0","0","0","0","0","0","0","0","0","0","0","0","0","0","0","2025/11/26 15:30:06"
"31007","東京","玉原発電所","4号機","水力","2025/11/25","0","0","0","0","0","0","0","0","0","0","0","0","0","0","0","0","0","0","68000","93000","90000","98000","90000","90000","2000","0","0","0","0","0","0","0","0","0","0","0","0","0","0","0","0","0","0","0","0","0","0","0","531000","2025/11/26 15:30:06"
"31203","東京","神流川発電所","1号機","水力","2025/11/25","0","0","0","0","0","0","0","0","0","0","0","0","0","0","4000","141000","140000","145000","150000","136000","137000","149000","28000","0","0","0","75000","139000","138000","135000","136000","135000","136000","143000","136000","140000","142000","136000","9000","0","0","0","0","0","0","0","0","0","2630000","2025/11/26 15:30:06"
"31203","東京","神流川発電所","2号機","水力","2025/11/25","0","0","0","0","0","0","0","0","0","0","0","0","0","0","0","0","52000","148000","154000","140000","140000","153000","144000","139000","25000","0","0","0","0","0","0","0","0","0","0","0","0","0","0","0","0","0","0","0","0","0","0","8000","1103000","2025/11/26 15:30:06"
"32201","東京","葛野川発電所","1号機","水力","2025/11/25","0","0","0","0","0","0","0","0","0","0","0","0","0","0","0","0","0","0","0","0","0","0","0","0","0","0","0","0","0","0","0","0","0","0","0","0","0","0","0","0","0","0","0","0","0","0","0","0","0","2025/11/26 15:30:06"
"32201","東京","葛野川発電所","2号機","水力","2025/11/25","0","0","0","0","0","0","0","0","0","0","0","0","0","0","0","0","0","0","0","0","0","0","0","0","0","0","0","0","0","0","0","0","0","0","0","0","0","0","0","0","0","0","0","0","0","0","0","0","0","2025/11/26 15:30:06"
"32201","東京","葛野川発電所","4号機","水力","2025/11/25","0","0","0","0","0","0","0","0","0","0","0","0","0","0","0","0","0","0","0","0","0","0","0","0","0","0","0","0","0","0","0","0","0","0","0","0","0","0","0","0","0","0","0","0","0","0","0","0","0","2025/11/26 15:30:06"
"30204","東京","電源開発沼原発電所","1号機","水力","2025/11/25","0","0","0","0","0","0","0","0","0","0","0","0","0","0","0","0","0","0","0","0","0","30000","68000","79000","36000","0","0","0","0","0","0","0","0","0","0","0","0","0","0","0","0","0","0","0","0","0","0","0","213000","2025/11/26 15:30:06"
"30204","東京","電源開発沼原発電所","2号機","水力","2025/11/25","0","0","0","0","0","0","0","0","0","0","0","0","0","0","0","0","0","0","0","0","0","0","0","30000","0","0","0","0","0","0","0","0","64000","72000","69000","70000","71000","8000","0","0","0","0","0","0","0","0","0","0","384000","2025/11/26 15:30:06"
"30204","東京","電源開発沼原発電所","3号機","水力","2025/11/25","0","0","0","0","0","0","0","0","0","0","0","0","0","0","0","0","34000","70000","56000","0","0","0","0","0","0","0","44000","68000","69000","69000","69000","70000","72000","72000","68000","71000","70000","69000","69000","35000","0","0","0","0","0","0","0","0","1075000","2025/11/26 15:30:06"
"GV943","東京","常陸那珂共同火力発電所1号機","常陸那珂共同火力１号","火力（石炭）","2025/11/25","308000","310000","309000","308000","309000","309000","309000","309000","309000","309000","309000","309000","309000","309000","309000","308000","309000","309000","309000","309000","309000","309000","309000","309000","309000","309000","308000","310000","308000","309000","309000","309000","309000","309000","308000","309000","309000","309000","309000","309000","309000","309000","309000","308000","309000","309000","309000","309000","14827000","2025/11/26 15:30:06"
"GB553","東京","常陸那珂火力発電所１号機","常陸那珂１号","火力（石炭）","2025/11/25","475000","474000","476000","473000","475000","474000","475000","474000","475000","474000","475000","473000","475000","474000","475000","473000","476000","474000","474000","475000","474000","474000","475000","474000","475000","474000","474000","475000","474000","474000","475000","474000","474000","474000","475000","474000","475000","474000","475000","474000","474000","475000","475000","473000","475000","474000","474000","474000","22770000","2025/11/26 15:30:06"
"GB553","東京","常陸那珂火力発電所２号機","常陸那珂２号","火力（石炭）","2025/11/25","470000","468000","470000","468000","469000","470000","469000","470000","469000","468000","471000","468000","469000","470000","469000","469000","470000","469000","469000","469000","470000","469000","469000","469000","469000","470000","469000","469000","470000","469000","470000","469000","468000","469000","469000","469000","469000","469000","469000","469000","469000","469000","469000","469000","469000","469000","469000","470000","22520000","2025/11/26 15:30:06"
"GB563","東京","広野火力発電所５号機","広野５号","火力（石炭）","2025/11/25","211000","211000","211000","210000","211000","211000","210000","211000","211000","210000","211000","211000","211000","211000","210000","211000","211000","211000","210000","211000","211000","210000","211000","211000","211000","211000","210000","211000","211000","211000","210000","211000","211000","263000","286000","285000","286000","286000","286000","286000","286000","286000","285000","286000","286000","286000","286000","286000","11220000","2025/11/26 15:30:06"
"GB563","東京","広野火力発電所６号機","広野６号","火力（石炭）","2025/11/25","285000","286000","286000","285000","286000","286000","286000","285000","286000","286000","285000","286000","286000","286000","285000","286000","285000","286000","286000","286000","285000","286000","286000","285000","286000","286000","285000","286000","286000","285000","286000","286000","286000","285000","286000","286000","285000","286000","286000","285000","286000","286000","285000","286000","286000","286000","285000","286000","13713000","2025/11/26 15:30:06"
"GAWA3","東京","横須賀火力発電所1号機","横須賀1号","火力（石炭）","2025/11/25","307000","308000","307000","308000","308000","307000","308000","307000","308000","307000","308000","307000","307000","308000","308000","307000","308000","307000","307000","308000","308000","307000","308000","307000","308000","307000","307000","308000","308000","307000","307000","308000","308000","307000","307000","308000","307000","308000","308000","307000","307000","308000","307000","308000","308000","307000","307000","307000","14759000","2025/11/26 15:30:06"
"GB4R3","東京","横須賀火力発電所2号機","横須賀2号","火力（石炭）","2025/11/25","0","0","0","0","0","0","0","0","0","0","0","0","0","0","0","0","0","0","0","0","0","0","0","0","0","0","0","0","0","0","0","0","0","0","0","0","0","0","0","0","0","0","0","0","0","0","0","0","0","2025/11/26 15:30:06"
"327A9","東京","神栖火力発電所","単独","火力（石炭）","2025/11/25","51000","52000","51000","52000","51000","52000","51000","51000","51000","51000","51000","52000","51000","52000","51000","52000","51000","52000","51000","52000","51000","52000","51000","52000","51000","52000","51000","52000","52000","51000","52000","51000","51000","52000","51000","52000","51000","52000","51000","52000","51000","52000","51000","52000","51000","52000","51000","52000","2470000","2025/11/26 15:30:06"
"5089","東京","鈴川エネルギーセンター発電所","単独","火力（石炭）","2025/11/25","0","0","0","0","0","0","0","0","0","0","0","0","0","0","0","0","0","0","0","0","0","0","0","0","0","0","0","0","0","0","0","0","0","0","0","0","0","0","0","0","0","0","0","0","0","0","0","0","0","2025/11/26 15:30:06"
"31804","東京","電源開発磯子火力発電所新１号機","1号機","火力（石炭）","2025/11/25","0","0","0","0","0","0","0","0","0","0","0","0","0","0","0","0","0","0","0","0","0","0","0","0","0","0","0","0","0","0","0","0","0","0","0","0","0","0","0","0","0","0","0","0","0","0","0","0","0","2025/11/26 15:30:06"
"31805","東京","電源開発磯子火力発電所新２号機","2号機","火力（石炭）","2025/11/25","97000","98000","98000","97000","97000","98000","97000","98000","97000","98000","98000","97000","98000","97000","97000","98000","98000","97000","100000","100000","100000","100000","100000","98000","97000","98000","97000","98000","97000","98000","97000","98000","100000","134000","134000","135000","134000","135000","134000","135000","134000","135000","134000","135000","103000","98000","97000","98000","5108000","2025/11/26 15:30:06"
"5AEF3327U3","東京","鹿島火力発電所","2号機","火力（石炭）","2025/11/25","303000","304000","303000","304000","304000","303000","303000","304000","303000","304000","304000","303000","303000","304000","304000","304000","303000","304000","303000","304000","304000","305000","303000","304000","304000","304000","304000","304000","303000","304000","303000","304000","303000","305000","303000","305000","303000","304000","303000","304000","304000","304000","304000","304000","303000","305000","303000","305000","14579000","2025/11/26 15:30:06"
"30563","東京","中袖クリーンパワー発電所","コンバインド","火力（ガス）","2025/11/25","48000","49000","48000","49000","48000","49000","49000","48000","48000","49000","48000","49000","48000","49000","49000","48000","49000","48000","48000","49000","48000","48000","48000","48000","48000","48000","48000","48000","48000","48000","48000","48000","47000","48000","48000","48000","48000","48000","48000","48000","48000","48000","48000","48000","48000","48000","49000","48000","2314000","2025/11/26 15:30:06"
"GAZT3","東京","五井火力発電所1号機","五井1号","火力（ガス）","2025/11/25","354000","363000","364000","364000","363000","369000","371000","371000","351000","342000","349000","349000","360000","365000","371000","368000","366000","369000","372000","372000","373000","371000","373000","372000","371000","366000","372000","372000","372000","372000","372000","372000","373000","371000","373000","371000","373000","372000","373000","371000","373000","372000","371000","370000","370000","359000","355000","348000","17606000","2025/11/26 15:30:06"
"GAZT3","東京","五井火力発電所2号機","五井2号","火力（ガス）","2025/11/25","365000","364000","365000","363000","365000","368000","372000","370000","352000","342000","349000","349000","360000","366000","371000","372000","366000","370000","379000","380000","382000","380000","382000","381000","380000","373000","374000","381000","381000","381000","375000","381000","382000","380000","382000","380000","382000","381000","382000","380000","379000","376000","380000","378000","377000","360000","356000","349000","17843000","2025/11/26 15:30:06"
"GC5F3","東京","五井火力発電所3号機","五井3号","火力（ガス）","2025/11/25","363000","363000","363000","363000","363000","367000","371000","369000","350000","341000","348000","348000","358000","366000","369000","372000","364000","369000","378000","379000","380000","380000","380000","380000","379000","371000","373000","380000","380000","379000","374000","380000","380000","380000","380000","379000","381000","379000","381000","379000","377000","375000","379000","376000","376000","359000","355000","347000","17783000","2025/11/26 15:30:06"
"GB593","東京","千葉火力発電所１号系列１軸","千葉１ー１軸","火力（ガス）","2025/11/25","0","0","0","0","0","0","0","0","0","0","0","0","0","0","0","0","0","0","0","0","0","0","0","0","0","0","0","0","0","0","0","0","0","0","0","0","0","0","0","0","0","0","0","0","0","0","0","0","0","2025/11/26 15:30:06"
"GB593","東京","千葉火力発電所１号系列２軸","千葉１ー２軸","火力（ガス）","2025/11/25","147000","147000","147000","147000","147000","150000","152000","152000","170000","161000","137000","136000","141000","148000","149000","152000","153000","157000","152000","156000","162000","168000","177000","171000","154000","152000","163000","157000","157000","154000","145000","153000","169000","176000","171000","173000","167000","153000","145000","144000","152000","149000","144000","140000","141000","146000","161000","151000","7396000","2025/11/26 15:30:06"
"GB593","東京","千葉火力発電所１号系列３軸","千葉１ー３軸","火力（ガス）","2025/11/25","0","0","0","0","0","0","0","0","61000","153000","137000","136000","142000","147000","149000","152000","153000","157000","152000","156000","161000","168000","174000","169000","154000","152000","163000","156000","157000","154000","145000","153000","168000","173000","169000","171000","166000","153000","145000","144000","152000","149000","144000","140000","141000","146000","106000","0","5868000","2025/11/26 15:30:06"
"GB593","東京","千葉火力発電所１号系列４軸","千葉１ー４軸","火力（ガス）","2025/11/25","0","0","0","0","0","0","0","0","0","63000","136000","135000","141000","147000","148000","152000","152000","157000","152000","155000","161000","168000","173000","170000","153000","152000","163000","156000","156000","154000","144000","153000","168000","174000","169000","172000","166000","153000","145000","143000","152000","148000","144000","139000","141000","145000","161000","150000","5911000","2025/11/26 15:30:06"
"GB593","東京","千葉火力発電所２号系列１軸","千葉２ー１軸","火力（ガス）","2025/11/25","141000","143000","146000","145000","153000","155000","155000","153000","151000","134000","137000","135000","140000","138000","136000","147000","153000","155000","148000","152000","159000","158000","155000","158000","151000","150000","157000","158000","154000","149000","144000","152000","160000","162000","160000","161000","159000","152000","141000","143000","146000","147000","146000","145000","148000","149000","147000","147000","7175000","2025/11/26 15:30:06"
"GB593","東京","千葉火力発電所２号系列２軸","千葉２ー２軸","火力（ガス）","2025/11/25","140000","144000","147000","145000","153000","156000","155000","154000","151000","135000","137000","136000","140000","138000","136000","148000","153000","156000","147000","153000","159000","158000","155000","158000","151000","151000","158000","158000","154000","150000","144000","152000","161000","162000","161000","161000","159000","152000","142000","143000","146000","147000","147000","145000","149000","149000","147000","148000","7191000","2025/11/26 15:30:06"
"GB593","東京","千葉火力発電所２号系列３軸","千葉２ー３軸","火力（ガス）","2025/11/25","140000","143000","146000","144000","152000","155000","155000","152000","150000","134000","137000","134000","139000","138000","136000","147000","152000","154000","147000","151000","159000","158000","155000","157000","150000","149000","159000","157000","152000","149000","143000","151000","161000","164000","161000","163000","161000","150000","141000","143000","145000","147000","146000","145000","148000","148000","146000","146000","7160000","2025/11/26 15:30:06"
"GB593","東京","千葉火力発電所２号系列４軸","千葉２ー４軸","火力（ガス）","2025/11/25","0","0","0","0","0","0","0","0","0","0","0","0","0","0","0","0","0","0","0","0","0","0","0","0","0","0","0","0","0","0","0","0","0","0","0","0","0","0","0","0","0","0","0","0","0","0","0","0","0","2025/11/26 15:30:06"
"GB593","東京","千葉火力発電所３号系列１軸","千葉３ー１軸","火力（ガス）","2025/11/25","215000","215000","215000","215000","216000","220000","225000","224000","230000","232000","221000","213000","219000","223000","230000","233000","235000","234000","235000","233000","236000","239000","239000","237000","235000","237000","235000","234000","239000","237000","238000","237000","239000","236000","238000","238000","238000","239000","238000","239000","225000","232000","235000","234000","235000","235000","233000","235000","11095000","2025/11/26 15:30:06"
"GB593","東京","千葉火力発電所３号系列２軸","千葉３ー２軸","火力（ガス）","2025/11/25","215000","214000","217000","214000","217000","225000","224000","226000","231000","232000","224000","214000","222000","232000","234000","233000","233000","231000","233000","231000","234000","236000","238000","237000","235000","236000","235000","234000","236000","236000","237000","235000","237000","236000","237000","236000","238000","237000","237000","237000","228000","233000","234000","234000","235000","233000","235000","234000","11092000","2025/11/26 15:30:06"
"GB593","東京","千葉火力発電所３号系列３軸","千葉３ー３軸","火力（ガス）","2025/11/25","213000","214000","214000","213000","217000","222000","223000","224000","229000","231000","224000","213000","227000","231000","233000","232000","231000","232000","231000","231000","233000","236000","236000","235000","235000","234000","234000","235000","235000","235000","236000","235000","236000","235000","236000","236000","236000","236000","237000","237000","228000","233000","232000","232000","234000","233000","232000","233000","11050000","2025/11/26 15:30:06"
"GB673","東京","南横浜火力発電所１号機","南横浜１号","火力（ガス）","2025/11/25","0","0","0","0","0","0","0","0","0","0","0","0","0","18000","41000","41000","34000","33000","32000","33000","32000","32000","33000","33000","32000","33000","32000","33000","32000","33000","32000","33000","32000","33000","35000","36000","37000","36000","36000","34000","0","0","0","0","0","0","0","0","901000","2025/11/26 15:30:06"
"GB673","東京","南横浜火力発電所２号機","南横浜２号","火力（ガス）","2025/11/25","0","0","0","0","0","0","0","0","0","0","0","0","0","0","0","0","0","0","0","0","0","0","0","0","0","0","0","0","0","0","0","0","0","0","0","0","0","0","0","0","0","0","0","0","0","0","0","0","0","2025/11/26 15:30:06"
"GB673","東京","南横浜火力発電所３号機","南横浜３号","火力（ガス）","2025/11/25","45000","49000","50000","50000","50000","48000","50000","50000","49000","57000","96000","112000","111000","111000","111000","61000","39000","38000","38000","39000","38000","37000","39000","38000","39000","37000","40000","37000","38000","39000","38000","38000","38000","39000","39000","69000","73000","73000","74000","73000","72000","43000","38000","38000","39000","37000","39000","37000","2533000","2025/11/26 15:30:06"
"GB613","東京","品川火力発電所１号系列１軸","品川１ー１軸","火力（ガス）","2025/11/25","0","0","0","0","0","0","0","0","0","0","0","0","0","0","0","0","0","0","0","0","0","0","5000","27000","59000","110000","165000","165000","163000","163000","163000","163000","163000","163000","163000","162000","159000","157000","148000","105000","0","0","0","0","0","0","0","0","2403000","2025/11/26 15:30:06"
"GB613","東京","品川火力発電所１号系列２軸","品川１ー２軸","火力（ガス）","2025/11/25","0","0","0","0","0","0","0","0","0","0","0","0","0","1000","61000","148000","164000","165000","159000","170000","170000","173000","168000","170000","159000","160000","169000","166000","163000","163000","163000","163000","163000","163000","163000","163000","159000","158000","149000","148000","148000","153000","113000","0","0","0","0","0","4535000","2025/11/26 15:30:06"
"GB613","東京","品川火力発電所１号系列３軸","品川１ー３軸","火力（ガス）","2025/11/25","0","0","0","0","0","0","0","0","0","0","0","0","0","0","0","0","0","0","0","0","0","0","0","0","0","0","0","0","0","9000","49000","90000","152000","172000","171000","169000","161000","167000","152000","153000","101000","0","0","0","0","0","0","0","1546000","2025/11/26 15:30:06"
"GB4Q3","東京","姉崎火力発電所新１号機","姉崎新1号","火力（ガス）","2025/11/25","284000","292000","294000","292000","294000","292000","294000","296000","285000","273000","278000","280000","284000","292000","299000","298000","297000","298000","312000","313000","313000","312000","313000","312000","313000","311000","312000","311000","313000","311000","313000","311000","312000","312000","312000","312000","312000","312000","314000","311000","314000","307000","303000","301000","304000","286000","284000","274000","14462000","2025/11/26 15:30:06"
"GB4Q3","東京","姉崎火力発電所新２号機","姉崎新2号","火力（ガス）","2025/11/25","0","0","0","0","0","0","0","0","0","0","0","0","0","0","0","0","0","0","0","0","0","0","0","0","0","0","0","0","0","0","0","0","0","0","0","0","0","0","0","0","0","0","0","0","0","0","0","0","0","2025/11/26 15:30:06"
"GB4Q3","東京","姉崎火力発電所新３号機","姉崎新3号","火力（ガス）","2025/11/25","284000","292000","294000","293000","294000","292000","294000","296000","286000","272000","278000","281000","284000","292000","299000","298000","298000","299000","314000","314000","314000","315000","314000","314000","314000","313000","313000","314000","314000","313000","314000","313000","314000","312000","314000","313000","314000","313000","315000","313000","314000","308000","303000","302000","303000","286000","285000","273000","14501000","2025/11/26 15:30:06"
"GB583","東京","富津火力発電所１号系列１軸","富津１ー１軸","火力（ガス）","2025/11/25","0","0","0","0","0","0","0","0","0","0","0","0","0","0","0","0","0","0","0","0","0","0","0","0","0","0","0","0","0","1000","44000","68000","72000","80000","80000","80000","79000","72000","69000","68000","69000","49000","0","0","0","0","0","0","831000","2025/11/26 15:30:06"
"GB583","東京","富津火力発電所１号系列２軸","富津１ー２軸","火力（ガス）","2025/11/25","0","0","0","0","0","0","0","0","0","0","0","10000","56000","68000","69000","68000","69000","68000","69000","68000","68000","68000","79000","80000","70000","68000","68000","68000","69000","69000","76000","68000","71000","80000","79000","80000","79000","71000","68000","68000","69000","71000","74000","66000","6000","0","0","0","2278000","2025/11/26 15:30:06"
"GB583","東京","富津火力発電所１号系列３軸","富津１ー３軸","火力（ガス）","2025/11/25","73000","72000","68000","69000","68000","69000","68000","69000","69000","71000","76000","73000","72000","69000","68000","69000","68000","69000","68000","69000","68000","68000","80000","79000","70000","68000","68000","68000","68000","70000","76000","68000","72000","79000","80000","79000","80000","70000","68000","68000","68000","72000","74000","70000","73000","69000","69000","68000","3407000","2025/11/26 15:30:06"
"GB583","東京","富津火力発電所１号系列４軸","富津１ー４軸","火力（ガス）","2025/11/25","0","0","0","0","0","0","0","0","0","4000","52000","74000","73000","69000","68000","69000","69000","69000","68000","70000","68000","69000","80000","81000","70000","69000","68000","68000","68000","70000","76000","68000","72000","80000","80000","81000","80000","72000","68000","68000","68000","72000","75000","70000","73000","69000","69000","68000","2705000","2025/11/26 15:30:06"
"GB583","東京","富津火力発電所１号系列５軸","富津１ー５軸","火力（ガス）","2025/11/25","68000","9000","0","0","0","0","0","0","0","0","0","15000","69000","69000","70000","69000","70000","69000","69000","70000","69000","69000","80000","81000","71000","69000","69000","69000","70000","70000","77000","69000","72000","80000","80000","81000","80000","72000","69000","68000","69000","72000","28000","0","0","0","0","0","2281000","2025/11/26 15:30:06"
"GB583","東京","富津火力発電所１号系列６軸","富津１ー６軸","火力（ガス）","2025/11/25","54000","0","0","0","0","0","0","0","0","0","0","0","0","0","0","0","0","0","0","0","0","0","0","0","0","0","0","0","0","3000","54000","68000","73000","80000","81000","80000","80000","72000","69000","68000","69000","69000","9000","0","0","0","0","0","929000","2025/11/26 15:30:06"
"GB583","東京","富津火力発電所１号系列７軸","富津１ー７軸","火力（ガス）","2025/11/25","0","0","0","0","0","0","0","0","0","0","0","0","0","0","0","0","0","0","0","0","0","0","0","0","0","0","0","0","0","0","0","0","0","0","0","0","0","0","0","0","0","0","0","0","0","0","0","0","0","2025/11/26 15:30:06"
"GB583","東京","富津火力発電所２号系列１軸","富津２ー１軸","火力（ガス）","2025/11/25","0","0","0","0","0","0","0","0","0","0","0","0","0","0","0","0","0","0","0","0","0","0","0","0","0","0","0","0","4000","35000","63000","66000","69000","70000","72000","71000","69000","65000","66000","65000","66000","66000","50000","0","0","0","0","0","897000","2025/11/26 15:30:06"
"GB583","東京","富津火力発電所２号系列２軸","富津２ー２軸","火力（ガス）","2025/11/25","0","0","0","0","0","0","0","0","0","0","0","0","0","0","0","1000","28000","59000","66000","66000","66000","65000","75000","75000","68000","65000","66000","66000","74000","75000","70000","65000","68000","73000","76000","75000","70000","66000","66000","65000","66000","66000","69000","73000","68000","66000","67000","65000","2149000","2025/11/26 15:30:06"
"GB583","東京","富津火力発電所２号系列３軸","富津２ー３軸","火力（ガス）","2025/11/25","66000","65000","66000","65000","66000","65000","66000","65000","66000","65000","66000","65000","66000","66000","66000","70000","76000","69000","66000","67000","66000","65000","76000","76000","68000","65000","66000","66000","76000","76000","69000","66000","69000","74000","77000","76000","71000","65000","66000","65000","66000","66000","68000","59000","0","0","0","0","2989000","2025/11/26 15:30:06"
"GB583","東京","富津火力発電所２号系列４軸","富津２ー４軸","火力（ガス）","2025/11/25","66000","65000","66000","65000","66000","65000","66000","65000","66000","65000","66000","65000","66000","66000","67000","70000","77000","69000","66000","66000","66000","65000","76000","76000","68000","65000","66000","66000","76000","76000","70000","65000","68000","74000","77000","76000","71000","65000","66000","65000","66000","65000","68000","30000","0","0","0","0","2959000","2025/11/26 15:30:06"
"GB583","東京","富津火力発電所２号系列５軸","富津２ー５軸","火力（ガス）","2025/11/25","0","0","0","0","0","0","0","0","0","0","0","0","0","0","0","0","0","0","0","0","0","0","0","0","0","0","0","0","0","24000","57000","66000","69000","68000","70000","69000","68000","65000","66000","65000","66000","66000","68000","70000","68000","66000","67000","66000","1224000","2025/11/26 15:30:06"
"GB583","東京","富津火力発電所２号系列６軸","富津２ー６軸","火力（ガス）","2025/11/25","0","0","0","0","0","0","0","0","0","0","0","0","0","0","0","0","0","0","0","0","0","0","0","0","0","0","0","1000","33000","62000","66000","65000","66000","65000","66000","65000","66000","65000","66000","65000","66000","65000","65000","11000","0","0","0","0","958000","2025/11/26 15:30:06"
"GB583","東京","富津火力発電所２号系列７軸","富津２ー７軸","火力（ガス）","2025/11/25","0","0","0","0","0","0","0","0","0","0","0","0","0","0","0","7000","39000","65000","66000","67000","66000","65000","74000","73000","68000","65000","66000","66000","74000","73000","69000","66000","69000","72000","75000","75000","70000","65000","66000","65000","66000","66000","69000","72000","68000","66000","67000","66000","2166000","2025/11/26 15:30:06"
"GB583","東京","富津火力発電所３号系列１軸","富津３ー１軸","火力（ガス）","2025/11/25","146000","150000","158000","157000","167000","172000","171000","166000","159000","141000","136000","138000","147000","147000","146000","160000","165000","167000","159000","170000","174000","179000","170000","174000","158000","156000","172000","174000","169000","163000","159000","170000","181000","179000","171000","175000","173000","164000","155000","158000","156000","162000","160000","148000","160000","107000","0","0","7389000","2025/11/26 15:30:06"
"GB583","東京","富津火力発電所３号系列２軸","富津３ー２軸","火力（ガス）","2025/11/25","147000","151000","159000","158000","168000","173000","172000","167000","160000","142000","137000","139000","148000","148000","147000","161000","166000","168000","160000","170000","174000","178000","166000","173000","159000","157000","173000","174000","170000","164000","160000","171000","179000","178000","172000","175000","174000","165000","156000","159000","157000","163000","161000","149000","128000","0","0","0","7276000","2025/11/26 15:30:06"
"GB583","東京","富津火力発電所３号系列３軸","富津３ー３軸","火力（ガス）","2025/11/25","0","0","0","0","0","0","0","0","0","38000","153000","139000","149000","148000","148000","161000","167000","168000","160000","170000","174000","178000","166000","173000","160000","157000","173000","174000","171000","165000","160000","172000","179000","178000","173000","176000","175000","166000","157000","160000","159000","163000","162000","149000","157000","24000","0","0","5802000","2025/11/26 15:30:06"
"GB583","東京","富津火力発電所３号系列４軸","富津３ー４軸","火力（ガス）","2025/11/25","148000","151000","160000","159000","169000","171000","172000","167000","160000","142000","137000","141000","173000","168000","169000","169000","175000","174000","160000","168000","174000","168000","169000","167000","158000","157000","172000","173000","173000","171000","171000","169000","173000","175000","173000","175000","173000","166000","156000","160000","158000","164000","161000","150000","160000","159000","159000","153000","7870000","2025/11/26 15:30:06"
"GB583","東京","富津火力発電所４号系列１軸","富津４ー１軸","火力（ガス）","2025/11/25","0","0","0","0","0","0","0","0","0","0","0","0","0","0","0","0","0","0","0","0","0","0","0","0","0","0","0","0","0","0","14000","18000","31000","47000","81000","81000","82000","82000","82000","86000","95000","95000","115000","154000","196000","244000","229000","216000","1948000","2025/11/26 15:30:06"
"GB583","東京","富津火力発電所４号系列２軸","富津４ー２軸","火力（ガス）","2025/11/25","0","0","0","0","0","0","0","0","0","0","0","0","0","0","0","0","0","0","0","0","0","0","18000","22000","35000","51000","61000","69000","106000","128000","128000","146000","153000","153000","152000","165000","205000","246000","246000","246000","245000","241000","238000","237000","236000","221000","221000","216000","4185000","2025/11/26 15:30:06"
"GB583","東京","富津火力発電所４号系列３軸","富津４ー３軸","火力（ガス）","2025/11/25","0","0","0","0","0","0","0","0","0","0","0","0","0","0","17000","23000","35000","0","0","0","0","0","0","0","0","0","0","0","0","0","0","0","0","0","0","0","0","0","0","0","0","0","0","0","0","0","0","0","75000","2025/11/26 15:30:06"
"61203","東京","川崎天然ガス発電所","川天1号機","火力（ガス）","2025/11/25","0","0","0","0","0","0","0","0","0","0","0","0","0","0","0","0","0","0","0","0","0","0","0","0","0","0","0","0","0","0","0","0","0","0","0","0","0","0","0","0","0","0","0","0","0","0","0","0","0","2025/11/26 15:30:06"
"61203","東京","川崎天然ガス発電所","川天2号機","火力（ガス）","2025/11/25","0","0","0","0","0","0","0","0","0","0","0","0","0","0","0","0","0","0","0","0","0","0","0","0","0","0","0","0","0","0","0","0","0","0","0","0","0","0","0","0","0","0","0","0","0","0","0","0","0","2025/11/26 15:30:06"
"GB573","東京","川崎火力発電所１号系列１軸","川崎１ー１軸","火力（ガス）","2025/11/25","216000","224000","224000","219000","219000","225000","225000","230000","219000","202000","213000","214000","224000","229000","232000","231000","233000","236000","242000","243000","242000","243000","242000","243000","226000","225000","237000","242000","243000","243000","243000","243000","243000","243000","243000","244000","243000","244000","243000","243000","233000","235000","234000","224000","220000","218000","215000","211000","11108000","2025/11/26 15:30:06"
"GB573","東京","川崎火力発電所１号系列２軸","川崎１ー２軸","火力（ガス）","2025/11/25","217000","225000","226000","219000","220000","226000","226000","231000","219000","203000","214000","215000","224000","231000","233000","232000","235000","238000","245000","246000","246000","246000","246000","246000","227000","226000","239000","244000","246000","246000","246000","246000","245000","247000","246000","247000","247000","247000","247000","247000","237000","238000","235000","225000","220000","219000","216000","212000","11204000","2025/11/26 15:30:06"
"GB573","東京","川崎火力発電所１号系列３軸","川崎１ー３軸","火力（ガス）","2025/11/25","226000","225000","226000","219000","221000","225000","226000","225000","221000","215000","215000","215000","223000","220000","224000","225000","226000","225000","234000","236000","235000","235000","235000","235000","219000","215000","233000","235000","235000","236000","236000","235000","235000","236000","236000","236000","238000","240000","240000","240000","230000","230000","234000","225000","220000","219000","216000","212000","10943000","2025/11/26 15:30:06"
"GB573","東京","川崎火力発電所２号系列１軸","川崎２ー１軸","火力（ガス）","2025/11/25","222000","223000","223000","216000","217000","231000","232000","233000","219000","213000","212000","207000","221000","230000","224000","228000","225000","228000","244000","244000","245000","243000","245000","243000","230000","215000","239000","244000","245000","243000","244000","243000","243000","243000","244000","244000","241000","239000","238000","238000","228000","223000","232000","229000","218000","216000","213000","210000","11070000","2025/11/26 15:30:06"
"GB573","東京","川崎火力発電所２号系列２軸","川崎２ー２軸","火力（ガス）","2025/11/25","320000","319000","320000","319000","320000","326000","327000","326000","313000","292000","294000","311000","320000","322000","323000","322000","325000","323000","329000","332000","333000","331000","332000","331000","323000","312000","325000","330000","332000","332000","332000","330000","330000","331000","332000","331000","333000","333000","333000","331000","331000","329000","328000","326000","319000","315000","313000","307000","15548000","2025/11/26 15:30:06"
"GB573","東京","川崎火力発電所２号系列３軸","川崎２ー３軸","火力（ガス）","2025/11/25","323000","322000","323000","322000","323000","330000","332000","331000","317000","294000","297000","314000","322000","325000","326000","325000","327000","326000","333000","334000","335000","333000","335000","335000","327000","314000","326000","326000","329000","332000","332000","332000","334000","333000","335000","334000","336000","335000","335000","335000","334000","332000","333000","328000","322000","318000","317000","308000","15671000","2025/11/26 15:30:06"
"6149331758","東京","扇島パワー","1","火力（ガス）","2025/11/25","171000","170000","174000","173000","172000","176000","175000","175000","175000","165000","166000","166000","165000","167000","182000","198000","174000","177000","182000","184000","185000","188000","180000","183000","177000","176000","180000","180000","181000","179000","181000","184000","196000","198000","191000","190000","191000","182000","177000","176000","176000","175000","176000","173000","170000","172000","170000","168000","8542000","2025/11/26 15:30:06"
"6149331758","東京","扇島パワー","2","火力（ガス）","2025/11/25","170000","171000","174000","173000","173000","176000","175000","176000","175000","165000","166000","166000","167000","167000","183000","198000","175000","177000","182000","185000","185000","189000","180000","183000","177000","176000","181000","181000","180000","180000","180000","185000","185000","186000","190000","191000","191000","182000","177000","176000","176000","175000","176000","173000","171000","172000","170000","167000","8529000","2025/11/26 15:30:06"
"6149331758","東京","扇島パワー","3","火力（ガス）","2025/11/25","0","0","0","0","0","0","0","0","0","0","0","0","0","0","4000","74000","195000","197000","197000","197000","197000","40000","0","0","0","0","0","0","0","0","0","0","0","0","0","0","0","0","0","0","0","0","0","0","0","0","0","0","1101000","2025/11/26 15:30:06"
"6467","東京","新中袖発電所","単独","火力（ガス）","2025/11/25","0","0","0","0","0","0","0","0","0","0","0","2000","2000","9000","25000","25000","25000","25000","25000","25000","25000","25000","25000","25000","25000","25000","25000","25000","25000","26000","28000","34000","49000","50000","49000","50000","49000","50000","49000","50000","50000","49000","49000","50000","27000","0","0","0","1097000","2025/11/26 15:30:06"
"GB633","東京","東扇島火力発電所１号機","東扇島１号","火力（ガス）","2025/11/25","0","0","0","0","0","0","0","0","0","0","0","0","0","0","0","0","0","0","0","0","0","0","0","0","0","0","0","0","0","0","0","0","0","0","0","0","0","0","0","0","0","0","0","0","0","0","0","0","0","2025/11/26 15:30:06"
"GB633","東京","東扇島火力発電所２号機","東扇島２号","火力（ガス）","2025/11/25","198000","145000","114000","114000","114000","114000","170000","297000","302000","174000","161000","160000","191000","261000","322000","460000","476000","470000","469000","477000","476000","477000","473000","476000","430000","427000","468000","477000","475000","470000","474000","477000","479000","477000","464000","471000","471000","472000","468000","472000","386000","305000","233000","230000","186000","101000","64000","64000","16132000","2025/11/26 15:30:06"
"30509","東京","ＪＦＥスチール株式会社川鉄千葉クリーンパワーステーション","ＪＦＥ千葉ＩＰＰ","火力（ガス）","2025/11/25","0","0","0","0","0","0","0","0","0","0","0","0","0","0","0","0","0","0","0","0","0","0","0","0","0","0","0","0","0","0","0","0","0","0","0","0","0","0","0","0","0","0","0","0","0","0","0","0","0","2025/11/26 15:30:06"
"30557","東京","ゼロワットパワー株式会社　市原発電所","単独","火力（ガス）","2025/11/25","0","0","0","0","0","0","0","0","0","0","0","0","0","0","0","0","0","0","0","0","0","0","0","0","0","0","0","0","0","0","0","0","0","0","0","0","0","0","0","0","0","0","0","0","0","0","0","0","0","2025/11/26 15:30:06"
"5013331811","東京","株式会社エフビット横須賀パワー　横須賀パワーステーション","単独","火力（ガス）","2025/11/25","0","0","0","0","0","0","0","0","0","0","0","0","4000","29000","34000","35000","37000","50000","83000","105000","106000","105000","106000","105000","105000","105000","105000","105000","106000","105000","105000","106000","105000","106000","106000","106000","106000","107000","106000","107000","107000","106000","106000","107000","107000","55000","1000","0","3079000","2025/11/26 15:30:06"
"5012330391","東京","カナデビア株式会社茨城工場第一発電所","2号機","火力（ガス）","2025/11/25","0","0","0","0","0","0","0","0","0","0","0","0","0","0","0","0","0","0","0","0","0","0","0","0","0","0","0","0","0","0","0","0","0","0","0","0","0","0","0","0","0","0","0","0","0","0","0","0","0","2025/11/26 15:30:06"
"5012330317","東京","カナデビア株式会社茨城工場第一発電所","3号機","火力（ガス）","2025/11/25","0","0","0","0","0","0","0","0","0","0","0","0","0","0","0","0","0","0","0","0","0","0","0","0","3000","4000","33000","53000","52000","44000","42000","53000","53000","54000","53000","53000","52000","51000","51000","51000","51000","51000","51000","42000","23000","0","0","0","920000","2025/11/26 15:30:06"
"GB603","東京","横浜火力発電所7号系列２軸","横浜７ー２軸","火力（ガス）","2025/11/25","152000","160000","165000","163000","169000","168000","168000","167000","160000","140000","139000","141000","147000","167000","162000","171000","172000","174000","174000","173000","171000","173000","180000","176000","164000","160000","168000","168000","170000","164000","160000","173000","178000","179000","180000","179000","177000","172000","162000","165000","164000","164000","162000","157000","161000","158000","158000","148000","7923000","2025/11/26 15:30:06"
"GB603","東京","横浜火力発電所7号系列３軸","横浜７ー３軸","火力（ガス）","2025/11/25","0","0","0","0","0","0","0","0","18000","108000","141000","142000","149000","169000","164000","173000","174000","176000","176000","176000","175000","176000","184000","181000","167000","162000","170000","170000","172000","166000","162000","175000","183000","182000","184000","183000","179000","174000","164000","167000","166000","166000","164000","159000","164000","162000","160000","83000","6466000","2025/11/26 15:30:06"
"GB603","東京","横浜火力発電所7号系列４軸","横浜７ー４軸","火力（ガス）","2025/11/25","0","0","0","0","0","0","0","0","0","0","0","0","0","0","0","0","0","0","0","0","0","0","0","0","0","0","0","0","0","0","0","0","0","0","0","0","0","0","0","0","0","0","0","0","0","0","0","0","0","2025/11/26 15:30:06"
"GB603","東京","横浜火力発電所７号系列１軸","横浜７ー１軸","火力（ガス）","2025/11/25","155000","162000","168000","165000","172000","172000","171000","169000","161000","143000","142000","142000","149000","169000","165000","173000","174000","176000","176000","175000","175000","176000","184000","180000","168000","162000","170000","169000","172000","166000","162000","175000","181000","182000","183000","182000","179000","173000","165000","166000","163000","164000","164000","159000","164000","95000","0","0","7658000","2025/11/26 15:30:06"
"GB603","東京","横浜火力発電所８号系列１軸","横浜８ー１軸","火力（ガス）","2025/11/25","155000","163000","168000","165000","178000","179000","173000","170000","163000","143000","143000","143000","150000","168000","154000","173000","175000","175000","172000","179000","178000","181000","168000","178000","164000","160000","171000","173000","174000","167000","163000","176000","182000","183000","172000","178000","176000","171000","156000","165000","158000","168000","165000","156000","165000","164000","162000","151000","8014000","2025/11/26 15:30:06"
"GB603","東京","横浜火力発電所８号系列２軸","横浜８ー２軸","火力（ガス）","2025/11/25","0","0","0","0","0","0","0","0","13000","86000","141000","143000","150000","167000","154000","172000","174000","175000","171000","177000","176000","175000","167000","177000","163000","160000","171000","173000","173000","167000","162000","176000","179000","183000","172000","177000","173000","171000","156000","164000","158000","167000","165000","156000","165000","163000","160000","151000","6423000","2025/11/26 15:30:06"
"GB603","東京","横浜火力発電所８号系列３軸","横浜８ー３軸","火力（ガス）","2025/11/25","0","0","0","0","0","1000","23000","44000","46000","46000","106000","143000","149000","167000","153000","172000","174000","174000","171000","176000","175000","175000","167000","176000","163000","160000","171000","172000","172000","167000","162000","175000","180000","182000","171000","177000","173000","171000","156000","164000","158000","166000","164000","156000","111000","0","0","0","5909000","2025/11/26 15:30:06"
"GB603","東京","横浜火力発電所８号系列４軸","横浜８ー４軸","火力（ガス）","2025/11/25","154000","163000","167000","165000","178000","178000","175000","170000","163000","142000","142000","143000","150000","167000","154000","172000","174000","175000","171000","177000","175000","175000","167000","177000","163000","160000","170000","173000","173000","167000","163000","175000","180000","183000","172000","177000","173000","171000","156000","164000","158000","167000","164000","156000","165000","163000","161000","151000","7979000","2025/11/26 15:30:06"
"325RY","東京","真岡発電所","1号機","火力（ガス）","2025/11/25","292000","293000","292000","293000","293000","292000","293000","292000","292000","293000","293000","292000","292000","293000","292000","293000","293000","292000","293000","292000","293000","291000","292000","290000","290000","290000","290000","289000","289000","290000","289000","290000","289000","289000","289000","290000","290000","290000","289000","290000","289000","291000","292000","292000","292000","292000","292000","292000","13981000","2025/11/26 15:30:06"
"325RY","東京","真岡発電所","2号機","火力（ガス）","2025/11/25","291000","291000","291000","291000","291000","290000","291000","290000","291000","290000","291000","290000","291000","290000","291000","291000","290000","290000","292000","290000","291000","290000","291000","289000","290000","290000","290000","289000","290000","289000","290000","289000","289000","289000","289000","289000","289000","289000","289000","289000","289000","289000","289000","289000","289000","288000","288000","289000","13913000","2025/11/26 15:30:06"
"GB643","東京","袖ケ浦火力発電所２号機","袖ケ浦２号","火力（ガス）","2025/11/25","0","0","0","0","0","0","0","0","0","0","0","0","0","0","0","0","0","0","0","0","0","0","0","0","0","0","0","0","0","0","0","0","0","0","0","0","0","0","0","0","0","0","0","0","0","0","0","0","0","2025/11/26 15:30:06"
"GB643","東京","袖ケ浦火力発電所３号機","袖ケ浦３号","火力（ガス）","2025/11/25","0","0","0","0","8000","11000","20000","33000","95000","139000","139000","164000","227000","234000","268000","356000","369000","429000","449000","457000","458000","457000","457000","456000","457000","457000","470000","481000","482000","481000","481000","482000","481000","482000","481000","481000","483000","481000","470000","456000","444000","406000","351000","248000","237000","252000","251000","300000","15321000","2025/11/26 15:30:06"
"GB643","東京","袖ケ浦火力発電所４号機","袖ケ浦４号","火力（ガス）","2025/11/25","0","0","0","0","0","0","0","0","0","0","0","0","0","0","0","0","0","0","0","0","0","0","0","0","0","0","0","0","0","0","0","0","0","0","0","0","0","0","0","0","0","0","0","0","0","0","0","0","0","2025/11/26 15:30:06"
"60413","東京","鹿島共同発電所","３号機","火力（ガス）","2025/11/25","166000","166000","166000","166000","166000","166000","166000","166000","166000","166000","166000","166000","166000","166000","166000","166000","166000","166000","166000","166000","166000","166000","166000","166000","166000","166000","166000","166000","166000","166000","166000","166000","166000","166000","166000","166000","166000","166000","166000","166000","166000","166000","166000","166000","166000","166000","166000","166000","7968000","2025/11/26 15:30:06"
"60413","東京","鹿島共同発電所","５号機","火力（ガス）","2025/11/25","115000","120000","123000","123000","118000","115000","119000","118000","115000","115000","114000","115000","114000","107000","113000","114000","114000","115000","114000","115000","104000","102000","102000","115000","114000","115000","114000","119000","123000","124000","123000","123000","123000","116000","114000","115000","114000","115000","114000","115000","114000","115000","114000","115000","114000","115000","114000","117000","5538000","2025/11/26 15:30:06"
"GB623","東京","鹿島火力発電所７号系列１軸","鹿島７ー１軸","火力（ガス）","2025/11/25","0","0","0","0","0","0","0","0","25000","85000","141000","147000","158000","170000","174000","181000","178000","184000","180000","181000","185000","186000","190000","185000","173000","168000","174000","180000","180000","172000","169000","182000","191000","188000","190000","188000","178000","177000","165000","171000","170000","170000","172000","161000","169000","169000","170000","163000","6740000","2025/11/26 15:30:06"
"GB623","東京","鹿島火力発電所７号系列２軸","鹿島７ー２軸","火力（ガス）","2025/11/25","0","0","0","0","0","0","0","0","0","0","0","34000","125000","170000","175000","181000","177000","184000","182000","180000","185000","187000","189000","183000","172000","170000","174000","181000","180000","172000","167000","183000","189000","190000","190000","188000","177000","179000","166000","171000","175000","171000","157000","85000","0","0","0","0","5589000","2025/11/26 15:30:06"
"GB623","東京","鹿島火力発電所７号系列３軸","鹿島７ー３軸","火力（ガス）","2025/11/25","161000","167000","171000","168000","168000","171000","171000","169000","169000","156000","141000","147000","156000","170000","175000","179000","177000","182000","181000","179000","185000","183000","187000","181000","171000","168000","177000","179000","180000","171000","168000","181000","187000","187000","188000","186000","177000","177000","165000","170000","174000","169000","172000","161000","168000","168000","169000","163000","8270000","2025/11/26 15:30:06"
"4009331905","東京","根岸 ガス化複合発電所","単独","火力（石油）","2025/11/25","0","0","0","0","0","0","0","0","0","0","0","0","0","0","0","0","0","0","0","0","0","0","0","0","0","0","0","0","0","0","0","0","0","0","0","0","0","0","0","0","0","0","0","0","0","0","0","0","0","2025/11/26 15:30:06"
"60413","東京","鹿島共同発電所","４号機","火力（石油）","2025/11/25","0","0","0","0","0","0","0","0","0","0","0","0","0","0","0","0","0","0","0","0","0","0","0","0","0","0","0","0","0","0","0","0","0","0","0","0","0","0","0","0","0","0","0","0","0","0","0","0","0","2025/11/26 15:30:06"
"4009330482","東京","鹿島発電所","単独","その他","2025/11/25","41000","42000","41000","41000","41000","42000","41000","42000","41000","41000","41000","42000","41000","42000","41000","42000","41000","42000","41000","42000","42000","42000","42000","42000","42000","42000","41000","43000","43000","42000","41000","41000","41000","41000","41000","42000","42000","41000","41000","42000","41000","41000","41000","42000","41000","41000","41000","42000","1992000","2025/11/26 15:30:06"
"65733","東京","日本製鉄 鹿島発電所","ＮＳ鹿島",,"2025/11/25","0","0","0","0","0","0","0","0","0","0","0","0","0","0","0","0","0","0","0","0","0","0","0","0","0","0","0","0","0","0","0","0","0","0","0","0","0","0","0","0","0","0","0","0","0","0","0","0","0","2025/11/26 15:30:06"
"41001","中部","浜岡原子力発電所","３号機","原子力","2025/11/25","0","0","0","0","0","0","0","0","0","0","0","0","0","0","0","0","0","0","0","0","0","0","0","0","0","0","0","0","0","0","0","0","0","0","0","0","0","0","0","0","0","0","0","0","0","0","0","0","0","2025/11/26 15:30:06"
"41006","中部","浜岡原子力発電所","４号機","原子力","2025/11/25","0","0","0","0","0","0","0","0","0","0","0","0","0","0","0","0","0","0","0","0","0","0","0","0","0","0","0","0","0","0","0","0","0","0","0","0","0","0","0","0","0","0","0","0","0","0","0","0","0","2025/11/26 15:30:06"
"41007","中部","浜岡原子力発電所","５号機","原子力","2025/11/25","0","0","0","0","0","0","0","0","0","0","0","0","0","0","0","0","0","0","0","0","0","0","0","0","0","0","0","0","0","0","0","0","0","0","0","0","0","0","0","0","0","0","0","0","0","0","0","0","0","2025/11/26 15:30:06"
"45002","中部","奥矢作発電所","第一発電所","水力","2025/11/25","0","0","0","0","0","0","0","0","0","0","0","0","0","0","0","0","0","0","0","0","0","0","0","0","0","0","0","0","0","0","0","0","0","0","0","0","0","0","0","0","0","0","0","0","0","0","0","0","0","2025/11/26 15:30:06"
"45002","中部","奥矢作発電所","第二発電所","水力","2025/11/25","0","0","0","0","0","0","0","0","0","0","0","0","0","0","0","0","0","0","0","0","0","0","0","0","0","0","0","0","0","0","0","0","0","0","0","0","0","0","0","0","0","0","0","0","0","0","0","0","0","2025/11/26 15:30:06"
"41002","中部","奥美濃発電所","１号機","水力","2025/11/25","0","0","0","0","0","0","0","0","0","0","0","0","0","0","0","0","0","54000","98000","80000","16000","0","0","0","0","0","0","0","0","0","0","0","0","0","0","0","0","0","0","0","0","0","0","0","0","0","0","0","248000","2025/11/26 15:30:06"
"41002","中部","奥美濃発電所","２号機","水力","2025/11/25","0","0","0","0","0","0","0","0","0","0","0","0","0","0","0","0","0","9773","95403","79472","63541","61549","67523","63541","57566","63541","71506","73498","55575","73498","49601","75489","65532","61549","63541","1807","0","0","0","0","0","0","1807","81463","75489","101377","59558","0","1473199","2025/11/26 15:30:06"
"41002","中部","奥美濃発電所","３号機","水力","2025/11/25","0","0","0","0","0","0","0","0","0","0","0","0","0","0","0","0","0","67523","95403","59558","0","41635","0","0","0","0","49601","71506","53584","1807","0","17738","63541","59558","13756","0","0","0","0","0","0","0","0","0","0","0","0","0","595210","2025/11/26 15:30:06"
"41002","中部","奥美濃発電所","４号機","水力","2025/11/25","0","0","0","0","0","0","0","0","0","0","0","0","0","0","0","0","0","77480","95403","79472","65532","63541","69515","63541","59558","63541","71506","75489","57566","73498","49601","77480","63541","61549","45618","0","0","0","0","0","0","0","5790","81463","3799","0","0","0","1304483","2025/11/26 15:30:06"
"41003","中部","奥美濃発電所","５号機","水力","2025/11/25","0","0","0","0","0","0","0","0","0","0","0","0","0","0","0","0","0","35661","91420","71506","67523","67523","65532","63541","27695","0","0","0","0","0","0","0","0","0","0","0","0","0","0","0","0","0","0","0","0","0","0","0","490401","2025/11/26 15:30:06"
"41003","中部","奥美濃発電所","６号機","水力","2025/11/25","0","0","0","0","0","0","0","0","0","0","0","0","0","0","0","0","0","7781","89429","69515","71506","65532","69515","63541","59558","61549","71506","75489","57566","69515","11764","0","0","0","0","0","0","0","0","0","0","0","0","0","0","0","0","0","843766","2025/11/26 15:30:06"
"42332","中部","徳山発電所","１号機","水力","2025/11/25","0","0","0","0","0","0","0","0","0","0","0","0","0","0","0","0","0","0","0","0","0","0","0","0","0","0","0","0","0","0","5748","10726","11721","11721","12717","11721","12717","11721","12717","11721","5748","0","0","0","0","0","0","0","118978","2025/11/26 15:30:06"
"69A00","中部","木曽発電所","単独","水力","2025/11/25","40218","39563","39556","39717","39424","39675","7906","0","0","0","0","0","0","0","43729","54236","54453","53849","54501","54362","10881","0","0","0","0","0","0","0","43943","54412","54552","54565","54532","54542","54550","54573","54617","54647","54725","54799","54907","54878","54794","54909","54761","41212","39108","39891","1610987","2025/11/26 15:30:06"
"60C31","中部","電源開発御母衣発電所","1号機","水力","2025/11/25","0","0","0","0","0","0","0","0","0","0","0","0","0","0","0","0","0","0","0","0","0","0","0","0","0","0","0","0","0","0","0","0","0","1054","50570","51228","51070","49749","101","0","0","0","0","0","0","0","0","0","203772","2025/11/26 15:30:06"
"60C31","中部","電源開発御母衣発電所","2号機","水力","2025/11/25","0","0","0","0","0","0","0","0","0","0","0","0","0","0","0","0","0","0","0","0","0","0","0","0","0","0","0","0","0","0","0","1053","51646","51515","50437","50855","51175","50884","51581","51595","51343","50055","71","0","0","0","0","0","512210","2025/11/26 15:30:06"
"48001","中部","電源開発新豊根発電所（中部）","1号機","水力","2025/11/25","0","0","0","0","0","0","0","0","0","0","0","0","0","0","0","0","0","0","0","0","0","0","0","0","0","0","0","0","0","0","0","0","0","0","0","0","0","0","0","0","0","0","0","0","0","0","0","0","0","2025/11/26 15:30:06"
"48001","中部","電源開発新豊根発電所（中部）","2号機","水力","2025/11/25","0","0","0","0","0","0","0","0","0","0","0","0","0","0","0","0","20370","107670","107670","75660","45590","0","0","0","0","0","0","0","0","0","0","0","0","0","0","0","0","0","0","0","51410","87300","88270","87300","9700","0","0","0","680940","2025/11/26 15:30:06"
"48001","中部","電源開発新豊根発電所（中部）","3号機","水力","2025/11/25","0","0","0","0","0","0","0","0","0","0","0","0","0","1940","82450","25220","44620","104760","104760","78570","80510","81480","73720","97000","75660","88270","103790","85360","67900","78570","68870","97000","101850","75660","76630","83420","0","0","0","0","76630","86330","86330","88270","72750","77600","69840","0","2335760","2025/11/26 15:30:06"
"48001","中部","電源開発新豊根発電所（中部）","4号機","水力","2025/11/25","0","0","0","0","0","0","0","0","0","0","0","0","0","0","0","0","34920","104760","103790","78570","79540","78570","71780","97000","51410","0","0","61110","66930","77600","67900","97000","101850","72750","76630","31040","0","0","0","0","71780","85360","86330","88270","70810","77600","54320","0","1887620","2025/11/26 15:30:06"
"48001","中部","電源開発新豊根発電所（中部）","5号機","水力","2025/11/25","0","0","0","0","0","0","0","0","0","0","0","0","0","0","0","0","0","0","0","0","0","0","0","0","0","0","0","0","0","0","0","0","0","0","0","0","0","0","0","0","0","0","0","0","0","0","0","0","0","2025/11/26 15:30:06"
"43002","中部","馬瀬川第一発電所","１号機","水力","2025/11/25","0","0","0","0","0","0","0","0","0","0","0","0","0","0","0","0","0","0","0","0","0","0","0","0","0","0","0","0","0","0","0","0","0","0","56715","59702","59702","59702","60698","58706","60698","51737","0","0","0","0","0","0","467660","2025/11/26 15:30:06"
"43002","中部","馬瀬川第一発電所","２号機","水力","2025/11/25","0","0","0","0","0","0","0","0","0","0","0","0","0","0","0","0","0","0","0","0","0","0","0","0","0","0","0","0","0","0","0","0","0","0","0","0","0","0","0","0","0","0","0","0","0","0","0","0","0","2025/11/26 15:30:06"
"46107","中部","名古屋発電所","1号機","火力（石炭）","2025/11/25","0","0","0","0","0","0","0","0","0","0","0","0","0","0","0","0","0","0","0","0","0","0","0","0","0","0","0","0","0","0","0","0","0","0","0","0","0","0","0","0","0","0","0","0","0","0","0","0","0","2025/11/26 15:30:06"
"46114","中部","名古屋第二発電所","1号機","火力（石炭）","2025/11/25","51000","50000","51000","50000","51000","50000","51000","50000","51000","50000","51000","50000","51000","50000","50000","51000","51000","50000","51000","50000","50000","51000","51000","50000","51000","50000","51000","51000","51000","50000","51000","50000","51000","50000","51000","50000","51000","50000","51000","50000","51000","50000","51000","50000","50000","51000","51000","50000","2425000","2025/11/26 15:30:06"
"46210","中部","武豊火力発電所","５号機","火力（石炭）","2025/11/25","506000","503000","506000","505000","504000","505000","504000","505000","504000","505000","506000","503000","506000","505000","504000","505000","504000","505000","504000","505000","504000","505000","506000","503000","506000","505000","504000","505000","504000","503000","507000","504000","506000","503000","506000","505000","504000","503000","506000","505000","504000","505000","504000","505000","506000","503000","506000","503000","24224000","2025/11/26 15:30:06"
"47001","中部","碧南火力発電所","１号機","火力（石炭）","2025/11/25","94000","94000","94000","94000","94000","94000","94000","94000","94000","94000","93000","94000","94000","94000","94000","94000","94000","94000","94000","94000","94000","94000","93000","94000","94000","94000","94000","94000","94000","94000","94000","93000","94000","94000","94000","94000","94000","94000","94000","94000","94000","93000","96000","92000","94000","94000","94000","94000","4508000","2025/11/26 15:30:06"
"47192","中部","碧南火力発電所","２号機","火力（石炭）","2025/11/25","338000","338000","338000","337000","338000","338000","337000","338000","338000","338000","337000","338000","338000","337000","338000","338000","337000","338000","338000","337000","338000","338000","338000","337000","338000","338000","337000","338000","338000","337000","338000","338000","337000","336000","340000","336000","338000","337000","338000","337000","340000","336000","338000","337000","338000","337000","340000","336000","16208000","2025/11/26 15:30:06"
"47193","中部","碧南火力発電所","３号機","火力（石炭）","2025/11/25","0","0","0","0","0","0","0","0","0","0","0","0","0","0","0","0","0","0","0","0","0","0","0","0","0","0","0","0","0","0","0","0","0","0","0","0","0","0","0","0","0","0","0","0","0","0","0","0","0","2025/11/26 15:30:06"
"47194","中部","碧南火力発電所","４号機","火力（石炭）","2025/11/25","388000","389000","388000","389000","388000","389000","388000","387000","388000","389000","388000","389000","390000","388000","388000","389000","388000","387000","388000","389000","388000","389000","390000","387000","388000","389000","388000","389000","388000","389000","390000","388000","387000","387000","390000","387000","390000","387000","390000","387000","390000","387000","390000","387000","390000","387000","390000","388000","18644000","2025/11/26 15:30:06"
"47195","中部","碧南火力発電所","５号機","火力（石炭）","2025/11/25","476000","477000","476000","477000","476000","476000","476000","477000","476000","476000","477000","476000","476000","476000","477000","476000","477000","476000","476000","476000","476000","477000","476000","477000","476000","476000","477000","476000","476000","476000","477000","476000","476000","474000","477000","476000","477000","475000","479000","474000","477000","475000","479000","474000","473000","473000","477000","476000","22854000","2025/11/26 15:30:06"
"42289","中部","四日市火力発電所","４-１号機","火力（ガス）","2025/11/25","0","0","0","0","0","0","0","0","0","0","0","0","0","0","0","0","0","0","0","0","0","0","0","0","0","0","0","0","0","0","0","0","0","0","0","0","0","0","0","0","0","0","0","0","0","0","0","0","0","2025/11/26 15:30:06"
"42289","中部","四日市火力発電所","４-２号機","火力（ガス）","2025/11/25","0","0","0","0","0","0","0","0","0","0","0","0","0","0","0","0","0","0","0","0","0","0","0","0","0","0","0","0","0","0","0","0","0","0","0","0","0","0","0","0","0","0","0","0","0","0","0","0","0","2025/11/26 15:30:06"
"42289","中部","四日市火力発電所","４-３号機","火力（ガス）","2025/11/25","0","0","0","0","0","0","0","0","0","0","0","0","0","0","0","0","0","0","0","0","0","0","0","0","0","0","0","0","0","0","0","0","0","0","0","0","0","0","0","0","0","0","0","0","0","0","0","0","0","2025/11/26 15:30:06"
"42289","中部","四日市火力発電所","４-４号機","火力（ガス）","2025/11/25","0","0","0","0","0","0","0","0","0","0","0","0","0","0","0","0","0","0","0","0","0","0","0","0","0","0","0","0","0","0","0","0","0","0","0","0","0","0","0","0","0","0","0","0","0","0","0","0","0","2025/11/26 15:30:06"
"42289","中部","四日市火力発電所","４-５号機","火力（ガス）","2025/11/25","0","0","0","0","0","0","0","0","0","0","0","0","0","0","0","0","0","0","0","0","0","0","0","0","0","0","0","0","0","0","0","0","0","0","0","0","0","0","0","0","0","0","0","0","0","0","0","0","0","2025/11/26 15:30:06"
"42291","中部","川越火力発電所","３-１号機","火力（ガス）","2025/11/25","106000","101000","102000","109000","112000","114000","107000","101000","100000","102000","92000","86000","94000","99000","108000","100000","112000","118000","120000","118000","116000","119000","121000","120000","118000","114000","120000","121000","120000","120000","114000","117000","120000","119000","111000","112000","120000","119000","118000","119000","118000","115000","118000","111000","108000","112000","111000","103000","5355000","2025/11/26 15:30:06"
"42292","中部","川越火力発電所","３-２号機","火力（ガス）","2025/11/25","109000","105000","104000","111000","114000","116000","109000","104000","103000","105000","96000","89000","97000","103000","111000","103000","114000","119000","121000","119000","118000","120000","121000","121000","119000","116000","120000","120000","120000","120000","115000","117000","121000","120000","112000","114000","120000","120000","119000","119000","118000","116000","119000","114000","112000","115000","115000","106000","5439000","2025/11/26 15:30:06"
"42293","中部","川越火力発電所","３-３号機","火力（ガス）","2025/11/25","105000","100000","102000","108000","113000","113000","107000","100000","99000","101000","90000","83000","92000","98000","107000","98000","110000","117000","117000","116000","115000","117000","117000","118000","115000","113000","117000","118000","118000","118000","111000","114000","117000","117000","110000","110000","118000","117000","116000","117000","115000","113000","115000","110000","106000","109000","108000","101000","5266000","2025/11/26 15:30:06"
"42294","中部","川越火力発電所","３-４号機","火力（ガス）","2025/11/25","114000","109000","110000","116000","118000","119000","115000","108000","108000","110000","98000","90000","101000","107000","114000","107000","115000","120000","120000","121000","120000","119000","121000","120000","120000","118000","121000","120000","120000","121000","115000","117000","121000","120000","113000","113000","120000","120000","118000","119000","119000","116000","119000","118000","114000","117000","116000","110000","5525000","2025/11/26 15:30:06"
"42295","中部","川越火力発電所","３-５号機","火力（ガス）","2025/11/25","109000","103000","105000","111000","115000","117000","109000","103000","103000","105000","94000","86000","97000","101000","110000","102000","113000","119000","121000","118000","118000","120000","120000","120000","119000","116000","120000","121000","120000","120000","115000","117000","120000","120000","113000","114000","120000","119000","118000","119000","119000","116000","119000","113000","110000","113000","113000","105000","5418000","2025/11/26 15:30:06"
"42296","中部","川越火力発電所","３-６号機","火力（ガス）","2025/11/25","109000","106000","106000","111000","113000","113000","110000","105000","104000","106000","95000","88000","98000","103000","111000","104000","110000","114000","113000","114000","113000","113000","113000","113000","113000","111000","113000","114000","113000","113000","109000","110000","113000","113000","107000","90000","106000","113000","112000","112000","112000","109000","111000","111000","110000","111000","113000","105000","5229000","2025/11/26 15:30:06"
"42297","中部","川越火力発電所","３-７号機","火力（ガス）","2025/11/25","108000","101000","103000","110000","114000","115000","108000","102000","100000","103000","92000","84000","94000","99000","108000","99000","112000","118000","117000","117000","116000","117000","117000","118000","116000","113000","118000","118000","117000","118000","112000","115000","118000","117000","110000","112000","117000","117000","116000","117000","116000","114000","116000","111000","108000","111000","109000","103000","5311000","2025/11/26 15:30:06"
"42298","中部","川越火力発電所","４-１号機","火力（ガス）","2025/11/25","97000","91000","93000","100000","105000","108000","99000","90000","90000","93000","82000","73000","84000","90000","96000","89000","105000","111000","114000","111000","107000","114000","113000","114000","110000","97000","108000","113000","106000","109000","95000","111000","113000","108000","105000","72000","80000","109000","103000","78000","110000","111000","113000","102000","96000","99000","97000","92000","4806000","2025/11/26 15:30:06"
"42299","中部","川越火力発電所","４-２号機","火力（ガス）","2025/11/25","102000","96000","98000","107000","112000","114000","106000","95000","96000","97000","85000","75000","88000","95000","101000","91000","107000","115000","116000","115000","113000","114000","116000","115000","112000","102000","113000","112000","108000","112000","100000","112000","114000","111000","107000","75000","80000","110000","104000","78000","112000","111000","115000","107000","100000","103000","98000","95000","4960000","2025/11/26 15:30:06"
"42300","中部","川越火力発電所","４-３号機","火力（ガス）","2025/11/25","103000","95000","99000","109000","113000","115000","107000","96000","96000","97000","84000","72000","87000","95000","101000","89000","108000","115000","115000","115000","115000","113000","116000","115000","111000","102000","112000","113000","107000","112000","101000","112000","113000","111000","107000","74000","81000","109000","104000","79000","111000","111000","113000","108000","99000","100000","95000","94000","4949000","2025/11/26 15:30:06"
"42301","中部","川越火力発電所","４-４号機","火力（ガス）","2025/11/25","99000","93000","96000","105000","111000","112000","105000","92000","93000","95000","82000","70000","84000","92000","98000","88000","106000","114000","114000","114000","112000","114000","115000","115000","111000","99000","110000","113000","107000","110000","98000","111000","113000","110000","106000","74000","79000","109000","104000","77000","111000","110000","113000","106000","95000","98000","93000","92000","4868000","2025/11/26 15:30:06"
"42302","中部","川越火力発電所","４-５号機","火力（ガス）","2025/11/25","0","0","0","0","0","0","0","0","0","0","0","0","0","0","0","0","0","0","0","0","0","0","0","0","0","0","0","0","0","0","0","0","0","0","0","0","0","0","0","0","0","0","0","0","0","0","0","0","0","2025/11/26 15:30:06"
"42303","中部","川越火力発電所","４-６号機","火力（ガス）","2025/11/25","106000","101000","102000","109000","113000","115000","108000","100000","100000","102000","90000","82000","93000","99000","106000","97000","110000","116000","116000","116000","115000","116000","117000","115000","113000","106000","113000","115000","108000","112000","101000","112000","115000","110000","108000","75000","81000","110000","105000","78000","112000","111000","114000","111000","106000","109000","108000","101000","5078000","2025/11/26 15:30:06"
"42304","中部","川越火力発電所","４-７号機","火力（ガス）","2025/11/25","0","0","0","0","0","0","0","0","0","0","0","0","0","0","0","0","0","0","0","0","0","0","0","0","0","0","0","0","0","0","0","0","0","0","0","0","0","0","0","0","0","0","0","0","0","0","0","0","0","2025/11/26 15:30:06"
"42001","中部","川越火力発電所","１号機","火力（ガス）","2025/11/25","0","0","0","0","0","0","0","0","0","0","2000","33000","48000","74000","120000","167000","166000","167000","168000","166000","166000","287000","334000","323000","303000","326000","334000","333000","298000","320000","280000","331000","331000","328000","331000","323000","265000","257000","297000","304000","137000","94000","21000","0","0","0","0","0","7434000","2025/11/26 15:30:06"
"42290","中部","川越火力発電所","２号機","火力（ガス）","2025/11/25","143000","111000","92000","35000","31000","32000","31000","32000","30000","31000","31000","32000","40000","70000","99000","100000","227000","335000","338000","336000","338000","336000","334000","327000","303000","328000","334000","333000","301000","320000","277000","333000","331000","330000","331000","323000","270000","257000","300000","305000","336000","336000","329000","332000","333000","336000","334000","164000","10987000","2025/11/26 15:30:06"
"45001","中部","新名古屋火力発電所","７-１号機","火力（ガス）","2025/11/25","112000","106000","107000","113000","116000","117000","112000","106000","105000","108000","97000","89000","100000","104000","113000","105000","113000","119000","119000","120000","119000","119000","120000","119000","120000","119000","119000","120000","119000","119000","120000","119000","119000","119000","116000","117000","119000","119000","118000","118000","116000","114000","116000","115000","112000","116000","117000","107000","5471000","2025/11/26 15:30:06"
"45135","中部","新名古屋火力発電所","７-２号機","火力（ガス）","2025/11/25","111000","106000","107000","113000","117000","117000","113000","104000","105000","107000","96000","88000","98000","104000","113000","104000","112000","119000","119000","120000","119000","119000","120000","119000","119000","119000","120000","119000","119000","119000","120000","119000","119000","119000","116000","117000","119000","119000","118000","118000","117000","113000","116000","115000","111000","115000","115000","107000","5458000","2025/11/26 15:30:06"
"45136","中部","新名古屋火力発電所","７-３号機","火力（ガス）","2025/11/25","111000","106000","108000","113000","116000","118000","113000","105000","105000","107000","96000","87000","99000","104000","112000","104000","113000","119000","120000","119000","119000","120000","119000","120000","119000","119000","120000","119000","120000","119000","119000","120000","119000","120000","115000","118000","119000","119000","117000","118000","117000","113000","117000","114000","112000","115000","114000","107000","5462000","2025/11/26 15:30:06"
"45137","中部","新名古屋火力発電所","７-４号機","火力（ガス）","2025/11/25","112000","105000","108000","114000","117000","119000","113000","105000","106000","107000","96000","86000","97000","104000","113000","103000","114000","119000","119000","119000","120000","119000","120000","119000","120000","119000","120000","119000","119000","120000","119000","119000","120000","119000","116000","118000","119000","119000","117000","119000","116000","114000","117000","115000","111000","114000","113000","107000","5463000","2025/11/26 15:30:06"
"45138","中部","新名古屋火力発電所","７-５号機","火力（ガス）","2025/11/25","115000","108000","111000","116000","118000","118000","115000","108000","108000","109000","99000","88000","100000","107000","115000","105000","115000","119000","119000","119000","119000","119000","120000","119000","119000","119000","120000","119000","119000","119000","119000","120000","119000","119000","116000","117000","119000","119000","117000","119000","117000","114000","116000","117000","112000","116000","115000","109000","5504000","2025/11/26 15:30:06"
"45139","中部","新名古屋火力発電所","７-６号機","火力（ガス）","2025/11/25","111000","107000","107000","112000","114000","116000","111000","105000","105000","108000","97000","92000","100000","104000","113000","106000","113000","118000","119000","120000","119000","119000","119000","119000","120000","119000","119000","119000","119000","120000","119000","119000","119000","119000","116000","117000","119000","118000","118000","118000","116000","114000","116000","114000","113000","116000","117000","108000","5466000","2025/11/26 15:30:06"
"45140","中部","新名古屋火力発電所","８-１号機","火力（ガス）","2025/11/25","177000","172000","176000","177000","179000","182000","179000","172000","174000","173000","162000","146000","165000","171000","175000","168000","175000","181000","189000","188000","190000","188000","190000","188000","190000","189000","190000","188000","190000","187000","189000","188000","188000","188000","190000","185000","189000","189000","190000","189000","184000","173000","179000","180000","189000","187000","177000","173000","8698000","2025/11/26 15:30:06"
"45141","中部","新名古屋火力発電所","８-２号機","火力（ガス）","2025/11/25","0","0","0","0","0","0","0","0","0","0","0","0","0","0","0","0","0","0","0","0","0","0","0","0","0","0","0","0","0","0","0","0","0","0","0","0","0","0","0","0","0","0","0","0","0","0","0","0","0","2025/11/26 15:30:06"
"45142","中部","新名古屋火力発電所","８-３号機","火力（ガス）","2025/11/25","181000","177000","183000","182000","183000","183000","179000","178000","177000","176000","173000","159000","175000","175000","177000","172000","175000","181000","188000","188000","189000","187000","190000","187000","189000","189000","189000","187000","189000","187000","188000","187000","187000","188000","189000","184000","189000","188000","189000","188000","186000","173000","180000","181000","190000","187000","186000","179000","8784000","2025/11/26 15:30:06"
"45143","中部","新名古屋火力発電所","８-４号機","火力（ガス）","2025/11/25","0","0","0","0","0","0","0","0","0","0","0","0","0","0","0","0","0","0","0","0","0","0","0","0","0","0","0","0","0","0","0","0","0","0","0","0","0","0","0","0","0","0","0","0","0","0","0","0","0","2025/11/26 15:30:06"
"44001","中部","知多火力発電所","５号機","火力（ガス）","2025/11/25","0","0","0","0","0","0","0","0","0","0","0","0","0","0","0","0","0","0","0","0","0","0","0","0","0","0","0","0","0","0","0","0","0","0","0","0","0","0","0","0","0","0","0","0","0","0","0","0","0","2025/11/26 15:30:06"
"44125","中部","知多火力発電所","６号機","火力（ガス）","2025/11/25","0","0","0","0","0","0","0","0","0","0","0","0","0","0","0","0","0","0","0","0","0","0","0","0","0","0","0","0","0","0","0","0","0","0","0","0","0","0","0","0","0","0","0","0","0","0","0","0","0","2025/11/26 15:30:06"
"44002","中部","知多第二火力発電所","１号機","火力（ガス）","2025/11/25","0","0","0","0","0","0","0","0","0","0","0","0","0","0","0","0","0","0","0","0","0","0","0","0","0","0","0","0","0","0","0","0","0","0","0","0","0","0","0","0","0","0","0","0","0","0","0","0","0","2025/11/26 15:30:06"
"44126","中部","知多第二火力発電所","２号機","火力（ガス）","2025/11/25","0","0","0","2000","8000","34000","57000","87000","126000","127000","158000","167000","166000","172000","244000","362000","404000","406000","409000","407000","409000","407000","405000","399000","384000","402000","392000","373000","349000","393000","366000","395000","407000","404000","405000","352000","272000","208000","199000","161000","161000","244000","254000","246000","149000","125000","56000","0","11653000","2025/11/26 15:30:06"
"4B193","中部","西名古屋火力発電所","７-１号機","火力（ガス）","2025/11/25","578000","578000","578000","576000","578000","576000","575000","575000","575000","576000","575000","558000","566000","568000","573000","568000","565000","575000","577000","577000","577000","575000","576000","575000","578000","575000","576000","574000","577000","577000","578000","576000","578000","574000","576000","574000","576000","575000","577000","574000","569000","561000","569000","574000","574000","555000","571000","572000","27530000","2025/11/26 15:30:06"
"48193","中部","西名古屋火力発電所","７-２号機","火力（ガス）","2025/11/25","0","0","0","0","0","0","0","0","0","0","0","0","0","0","0","0","0","0","0","0","0","0","0","0","0","0","0","0","0","0","0","0","0","0","0","0","0","0","0","0","0","0","0","0","0","0","0","0","0","2025/11/26 15:30:06"
"47002","中部","渥美火力発電所","３号機","火力（石油）","2025/11/25","0","0","0","0","0","0","0","0","0","0","0","0","0","0","0","0","0","0","0","0","0","0","0","0","0","0","0","0","0","0","0","0","0","0","0","0","0","0","0","0","0","0","0","0","0","0","0","0","0","2025/11/26 15:30:06"
"47191","中部","渥美火力発電所","４号機","火力（石油）","2025/11/25","0","0","0","0","0","0","0","0","0","0","0","0","0","0","0","0","0","0","0","0","0","0","0","0","0","0","0","0","0","0","0","0","0","0","0","0","0","0","0","0","0","0","0","0","0","0","0","0","0","2025/11/26 15:30:06"
"42136","中部","四日市霞発電所","単独","その他","2025/11/25","0","0","0","0","0","0","0","0","0","0","0","0","0","0","0","0","0","0","0","0","0","0","0","0","0","0","0","0","0","0","0","0","0","0","0","0","0","0","0","0","0","0","0","0","0","0","0","0","0","2025/11/26 15:30:06"
"4M061","中部","田原バイオマス発電所","１号機","その他","2025/11/25","0","0","0","0","0","0","0","0","0","0","0","0","0","0","0","0","0","0","0","0","0","0","0","0","0","0","0","0","0","0","0","0","0","0","0","0","0","0","0","0","0","0","0","0","0","0","0","0","0","2025/11/26 15:30:06"
"53204","北陸","北陸電力 志賀原子力発電所","1号機","原子力","2025/11/25","0","0","0","0","0","0","0","0","0","0","0","0","0","0","0","0","0","0","0","0","0","0","0","0","0","0","0","0","0","0","0","0","0","0","0","0","0","0","0","0","0","0","0","0","0","0","0","0","0","2025/11/26 15:30:06"
"53102","北陸","北陸電力 志賀原子力発電所","2号機","原子力","2025/11/25","0","0","0","0","0","0","0","0","0","0","0","0","0","0","0","0","0","0","0","0","0","0","0","0","0","0","0","0","0","0","0","0","0","0","0","0","0","0","0","0","0","0","0","0","0","0","0","0","0","2025/11/26 15:30:06"
"60C10","北陸","下小鳥発電所","単独","水力","2025/11/25","0","0","0","0","0","0","0","0","0","0","0","0","0","0","0","0","0","0","0","0","0","0","0","0","0","0","0","0","0","0","0","0","10426","37981","48147","49314","48744","49082","10409","0","0","0","0","0","0","0","0","0","254103","2025/11/26 15:30:06"
"52306","北陸","北陸電力 有峰第一発電所","単独","水力","2025/11/25","0","0","0","0","0","0","0","0","0","0","0","0","0","0","0","0","0","0","0","0","0","0","0","0","0","0","0","0","0","0","0","0","0","0","0","0","0","0","0","0","0","0","0","0","0","0","0","0","0","2025/11/26 15:30:06"
"52307","北陸","北陸電力 有峰第二発電所","単独","水力","2025/11/25","0","0","0","0","0","0","0","0","0","0","0","0","0","0","0","0","0","0","0","0","0","0","0","0","0","0","0","0","0","0","0","0","0","0","0","0","0","0","0","0","0","0","0","0","0","0","0","0","0","2025/11/26 15:30:06"
"52271","北陸","電源開発 手取川第一",,"水力","2025/11/25","0","0","0","0","0","0","0","0","0","0","0","0","0","0","0","0","0","0","0","0","0","0","0","0","0","0","0","0","0","0","0","0","0","0","0","0","0","0","0","0","0","0","0","0","0","0","0","0","0","2025/11/26 15:30:06"
"51271","北陸","電源開発 長野発電所（北陸）","1号機","水力","2025/11/25","0","0","0","0","0","0","0","0","0","0","0","0","0","0","0","0","0","0","0","0","0","0","0","0","0","0","0","0","0","0","0","0","0","900","25500","24400","0","0","0","0","0","0","0","0","0","0","0","0","50800","2025/11/26 15:30:06"
"51271","北陸","電源開発長野発電所（北陸）","2号機","水力","2025/11/25","0","0","0","0","0","0","0","0","0","0","0","0","0","0","0","0","0","0","0","0","0","0","0","0","0","0","0","0","0","0","0","0","0","0","24250","25220","0","0","0","0","0","0","0","0","0","0","0","0","49470","2025/11/26 15:30:06"
"60A06","北陸","音沢発電所","単独","水力","2025/11/25","42448","42404","42332","42289","42226","42180","42121","42082","42061","38418","32422","31735","31735","31731","31739","31730","31741","31733","31739","31744","31738","27727","25302","25329","25325","25362","25365","25387","25385","25400","25419","25433","25441","25443","25451","25049","25021","25012","25023","25000","24987","24950","24927","24892","24845","24781","24769","24735","1450108","2025/11/26 15:30:06"
"53202","北陸","北陸電力 七尾大田火力発電所","1号機","火力（石炭）","2025/11/25","184300","176200","201700","207300","173900","209400","218700","228200","229200","221700","231100","185000","177100","179900","187400","205400","209300","217900","206700","211400","225300","235700","236700","232900","234000","221700","236900","236800","231100","213100","225200","235900","233200","225500","236800","236000","236900","236800","236800","236000","236900","236900","212400","204900","235100","231300","235000","227500","10525100","2025/11/26 15:30:06"
"53203","北陸","北陸電力 七尾大田火力発電所","2号機","火力（石炭）","2025/11/25","47700","95200","134300","191500","313200","328100","328000","326100","327100","327200","327100","288600","267300","274800","293700","313600","310900","321400","310400","294200","297600","325000","326900","327000","328200","318700","327200","327100","327100","315800","322100","327100","327400","320500","327200","328200","327200","327100","328000","327300","327200","327300","309500","307700","327400","323600","325400","326400","14477600","2025/11/26 15:30:06"
"52315","北陸","北陸電力 富山新港火力発電所","石炭1号機","火力（石炭）","2025/11/25","93600","92600","93300","92600","93200","92500","92500","93300","94000","93100","93400","93700","93700","93600","93500","93400","93500","93800","93900","94000","93800","94400","94700","93500","93900","93800","94200","94200","94400","93700","93900","93500","93900","93700","94700","93800","93700","94300","94400","93300","93200","94600","93600","93200","94000","93300","93400","93000","4495300","2025/11/26 15:30:06"
"52316","北陸","北陸電力 富山新港火力発電所","石炭2号機","火力（石炭）","2025/11/25","93600","91700","92400","91700","92300","92500","92500","93300","93100","94000","93400","94700","94700","93600","94400","94300","94500","93800","94800","95000","94700","95400","95600","94400","94900","93800","95100","95100","94400","94600","94800","95400","94800","94600","94700","94800","95600","94400","95300","95200","94100","94600","94500","93200","94900","93300","93500","94000","4520000","2025/11/26 15:30:06"
"51502","北陸","北陸電力 敦賀火力発電所","1号機","火力（石炭）","2025/11/25","225800","227700","227600","229800","168100","186200","222300","233600","236500","237400","235400","200400","202900","202900","210200","228300","236800","235700","235700","235800","235800","235900","236900","236100","235300","237100","236200","236200","236400","236100","236000","236100","235900","235800","235900","235800","235900","235900","236100","236200","236100","236900","235400","236300","236500","237400","236400","234400","11030100","2025/11/26 15:30:06"
"51503","北陸","北陸電力 敦賀火力発電所","2号機","火力（石炭）","2025/11/25","330700","330700","330500","331000","330400","330800","331100","331900","331000","331100","330800","330800","330300","330300","330000","330200","330200","330000","330000","330100","329200","330300","330400","330500","330700","330600","330600","330700","331000","331500","329500","331500","329300","331100","330300","330100","330200","330200","330600","330700","331500","330400","330900","330800","330200","332000","330900","330900","15868500","2025/11/26 15:30:06"
"52314","北陸","北陸電力 富山新港火力発電所","2号機","火力（ガス）","2025/11/25","117800","79600","64900","65000","64800","69400","69400","94800","89000","89000","114200","114600","115700","114400","114300","114100","117700","135100","137500","145700","138500","184000","202800","180600","129600","122600","165200","166400","150800","124700","142000","187500","227200","206100","230400","223700","208500","177000","172500","179200","164000","129200","115500","113900","167200","119700","161700","121600","6639100","2025/11/26 15:30:06"
"52361","北陸","北陸電力 富山新港火力発電所","LNG1号機","火力（ガス）","2025/11/25","0","0","0","0","0","0","0","0","0","0","0","0","0","0","0","0","0","0","0","0","0","0","0","0","0","0","0","0","0","0","0","0","0","0","0","0","0","0","0","0","0","0","0","0","0","0","0","0","0","2025/11/26 15:30:06"
"52313","北陸","北陸電力 富山新港火力発電所","1号機","火力（石油）","2025/11/25","0","0","0","0","0","0","0","0","0","0","0","0","0","0","0","0","0","0","0","0","0","0","0","0","0","0","0","0","0","0","0","0","0","0","0","0","0","0","0","0","0","0","0","0","0","0","0","0","0","2025/11/26 15:30:06"
"52312","北陸","北陸電力 富山火力発電所","4号機","火力（石油）","2025/11/25","0","0","0","0","0","0","0","0","0","0","0","0","0","0","0","0","0","0","0","0","0","0","0","0","0","0","0","0","0","0","0","0","0","0","0","0","0","0","0","0","0","0","0","0","0","0","0","0","0","2025/11/26 15:30:06"
"51302","北陸","北陸電力 福井火力発電所","三国1号機","火力（石油）","2025/11/25","0","0","0","0","0","0","0","0","0","0","0","0","0","0","0","0","0","0","0","0","0","0","0","0","0","0","0","0","0","0","0","0","0","0","0","0","0","0","0","0","0","0","0","0","0","0","0","0","0","2025/11/26 15:30:06"
"63B53","関西","大飯発電所","３号機","原子力","2025/11/25","584085","584009","584053","584025","584037","583865","583805","583817","583526","583534","583606","583722","583634","583626","583534","583654","583610","583582","583582","583646","583646","583646","583678","583738","583790","583646","583750","583825","583786","583845","583710","583805","583865","583833","583861","583817","583758","583873","583905","583770","583686","583833","583985","583837","583849","583941","583809","583925","28021364","2025/11/26 15:30:06"
"63B54","関西","大飯発電所","４号機","原子力","2025/11/25","584206","584218","584250","584054","584162","583962","583926","583786","583622","583698","583698","583714","583714","583714","583438","583390","583454","583514","583450","583430","583498","583602","583510","583494","583678","583654","583614","583646","583806","583898","583670","583746","583822","583718","583742","583766","583710","583770","583782","583810","583806","583950","583906","583958","583970","583934","583770","584010","28020640","2025/11/26 15:30:06"
"63A31","関西","敦賀発電所2号機","単独","原子力","2025/11/25",,,,,,,,,,,,,,,,,,,,,,,,,,,,,,,,,,,,,,,,,,,,,,,,,,"2025/11/26 15:30:06"
"63A53","関西","美浜発電所","３号機","原子力","2025/11/25","411655","411755","411786","411739","411728","411684","411799","411791","411715","411726","411694","411773","411736","411747","411660","411697","411736","411778","411739","411791","411839","411823","411720","411623","411831","411862","411873","411833","411852","411857","411783","411815","411883","411849","411865","411786","411728","411768","411712","411749","411765","411820","411799","411783","411752","411752","411831","411818","19765100","2025/11/26 15:30:06"
"63D51","関西","高浜発電所","１号機","原子力","2025/11/25",,,,,,,,,,,,,,,,,,,,,,,,,,,,,,,,,,,,,,,,,,,,,,,,,,"2025/11/26 15:30:06"
"63D52","関西","高浜発電所","２号機","原子力","2025/11/25","409662","409577","409612","409672","409622","409583","409659","409656","409651","409633","409667","409664","409646","409677","409648","409614","409656","409730","409659","409680","409701","409767","409727","409722","409696","409733","409730","409751","409698","409741","409722","409659","409717","409706","409733","409764","409720","409743","409643","409704","409696","409720","409767","409698","409617","409656","409630","409759","19664888","2025/11/26 15:30:06"
"63D53","関西","高浜発電所","３号機","原子力","2025/11/25","444751","444722","444684","444616","444664","444629","444709","444664","444600","444533","444555","444696","444651","444696","444587","444639","444671","444735","444671","444684","444696","444661","444626","444651","444709","444732","444716","444738","444680","444735","444603","444645","444796","444815","444741","444712","444626","444748","444709","444780","444745","444735","444735","444741","444661","444767","444793","444735","21345188","2025/11/26 15:30:06"
"63D54","関西","高浜発電所","４号機","原子力","2025/11/25","447675","447514","447678","447694","447678","447691","447698","447659","447585","447698","447772","447762","447646","447546","447537","447701","447698","447698","447604","447595","447546","447636","447569","447646","447501","447617","447572","447710","447688","447878","447836","447707","447817","447826","447665","447685","447739","447801","447707","447733","447675","447643","447714","447665","447640","447704","447733","447694","21488476","2025/11/26 15:30:06"
"63C00","関西","喜撰山発電所","１号機","水力","2025/11/25",,,,,,,,,,,,,,,,,,,,,,,,,,,,,,,,,,,,,,,,,,,,,,,,,,"2025/11/26 15:30:06"
"63C00","関西","喜撰山発電所","２号機","水力","2025/11/25",,,,,,,,,,,,,,,,,,,,,,,,,,,,,,,,,,,,,,,,,,,,,,,,,,"2025/11/26 15:30:06"
"63D03","関西","大河内発電所","１号機","水力","2025/11/25",,,,,,,,,,,,,,,,,,,,,,,,,,,,,,,,,,,,,,,,,,,,,,,,,,"2025/11/26 15:30:06"
"63D03","関西","大河内発電所","２号機","水力","2025/11/25","0","0","0","0","0","0","0","64005","65459","62357","0","0","0","0","0","0","0","81991","95585","70152","0","0","0","0","0","0","0","0","0","0","0","0","0","0","0","0","25530","64024","64419","64614","64985","65444","65680","65849","66349","41852","0","0","1028295","2025/11/26 15:30:06"
"63D03","関西","大河内発電所","３号機","水力","2025/11/25","0","0","0","0","0","0","0","0","0","0","0","0","0","0","0","0","0","0","0","0","0","0","0","0","0","0","0","0","0","0","0","0","0","0","0","0","0","0","0","0","0","0","0","0","0","0","0","0","0","2025/11/26 15:30:06"
"63D03","関西","大河内発電所","４号機","水力","2025/11/25","0","0","0","0","0","0","0","0","0","0","0","0","0","0","0","0","0","0","0","0","0","29230","39923","0","0","0","0","0","0","0","0","0","0","0","0","0","0","0","0","0","0","0","0","0","0","0","0","0","69153","2025/11/26 15:30:06"
"65C00","関西","奥吉野発電所","１号機","水力","2025/11/25","0","0","0","0","0","0","0","0","0","0","0","0","0","0","0","0","0","0","0","0","0","0","0","0","0","0","0","0","0","0","0","0","0","0","0","0","0","0","0","0","0","0","0","0","0","0","0","0","0","2025/11/26 15:30:06"
"65C00","関西","奥吉野発電所","２号機","水力","2025/11/25","0","0","0","0","0","0","0","0","0","0","0","0","0","0","0","0","0","0","0","0","0","0","0","0","0","0","0","0","0","0","0","0","0","0","0","0","0","0","0","0","0","0","0","0","0","0","0","0","0","2025/11/26 15:30:06"
"65C00","関西","奥吉野発電所","３号機","水力","2025/11/25","0","0","0","0","0","0","0","0","0","0","0","0","0","0","0","0","0","0","0","0","0","0","0","0","0","0","0","0","0","0","0","0","0","0","0","0","0","0","0","0","0","0","0","0","0","0","0","0","0","2025/11/26 15:30:06"
"65C00","関西","奥吉野発電所","４号機","水力","2025/11/25","0","0","0","0","0","0","0","0","0","0","0","0","0","0","0","0","0","43440","65830","60405","70412","66055","60473","21470","0","0","0","0","0","0","0","0","48226","54666","53345","64322","65136","55489","58152","62132","246","0","0","0","0","0","0","0","849799","2025/11/26 15:30:06"
"65C00","関西","奥吉野発電所","５号機","水力","2025/11/25","0","0","0","0","0","0","0","0","0","0","0","0","0","0","0","0","0","0","0","0","0","58697","60529","52041","70529","67792","62418","66120","53231","4425","0","0","0","0","0","0","0","0","0","0","0","0","0","0","0","0","0","0","495782","2025/11/26 15:30:06"
"65C00","関西","奥吉野発電所","６号機","水力","2025/11/25","0","0","0","0","0","0","0","0","0","0","0","0","0","0","0","0","1055","76453","63800","60347","485","0","0","0","0","0","0","0","0","0","0","64438","54238","52188","0","0","0","0","0","0","0","0","0","0","0","0","0","0","373004","2025/11/26 15:30:06"
"68E00","関西","奥多々良木発電所","１号機","水力","2025/11/25","0","0","0","0","0","0","0","0","0","0","0","0","0","0","0","0","0","0","0","0","0","0","0","0","0","0","0","0","0","0","0","0","0","0","0","0","0","0","0","0","0","0","0","0","0","0","0","0","0","2025/11/26 15:30:06"
"68E00","関西","奥多々良木発電所","２号機","水力","2025/11/25","0","0","0","0","0","0","0","0","0","0","0","0","0","0","0","0","0","0","0","0","0","0","0","0","0","0","0","0","0","0","0","0","0","0","0","0","0","0","0","0","0","0","0","0","0","0","0","0","0","2025/11/26 15:30:06"
"68E00","関西","奥多々良木発電所","３号機","水力","2025/11/25",,,,,,,,,,,,,,,,,,,,,,,,,,,,,,,,,,,,,,,,,,,,,,,,,,"2025/11/26 15:30:06"
"68E00","関西","奥多々良木発電所","４号機","水力","2025/11/25","0","0","0","0","0","0","0","0","0","0","0","0","0","0","0","0","0","0","0","0","0","0","0","0","0","0","0","0","0","0","0","0","0","0","0","0","0","0","0","0","0","0","0","0","0","0","0","0","0","2025/11/26 15:30:06"
"68E00","関西","奥多々良木発電所","５号機","水力","2025/11/25","0","0","0","0","0","0","0","0","0","0","0","0","0","0","0","0","0","0","29718","59220","63800","84769","61000","59406","4651","0","0","0","0","0","0","0","0","0","0","0","14103","61444","60125","60193","60077","60576","60824","60606","61390","61442","38905","0","962249","2025/11/26 15:30:06"
"68E00","関西","奥多々良木発電所","６号機","水力","2025/11/25","0","0","0","0","0","0","0","0","0","0","0","0","0","0","0","28681","59113","81498","60267","58674","17546","0","0","0","0","0","0","0","0","0","0","55823","59193","59642","59158","59684","59105","61301","59853","60173","59902","36795","0","0","0","0","0","0","936408","2025/11/26 15:30:06"
"62D30","関西","電源開発池原発電所（関西）","3号機","水力","2025/11/25","0","0","0","0","0","0","0","299","25466","25421","25335","24947","0","0","0","0","0","0","0","0","0","0","0","0","0","0","0","0","0","0","0","0","0","1151","39045","38996","31930","31150","0","0","0","0","0","0","0","0","0","0","243740","2025/11/26 15:30:06"
"62D30","関西","電源開発池原発電所（関西）","4号機","水力","2025/11/25","24250","24250","24250","24250","0","0","0","0","0","0","0","0","0","0","0","0","0","0","0","0","0","0","0","0","0","0","0","0","0","0","0","0","22310","37830","37830","37830","35890","22310","0","0","0","0","0","0","0","0","0","0","291000","2025/11/26 15:30:06"
"64339","関西","神戸発電所","3号機","火力（石炭）","2025/11/25","0","0","0","0","0","0","0","0","0","0","0","0","0","0","0","0","0","0","0","0","0","0","0","0","0","0","0","0","0","0","0","0","0","0","0","0","0","0","0","0","0","0","0","0","0","0","0","0","0","2025/11/26 15:30:06"
"64339","関西","神戸発電所","4号機","火力（石炭）","2025/11/25","301197","301105","301180","301249","301164","301458","301053","301180","302184","301341","302437","300158","300602","301450","301358","302789","300991","300022","301162","301285","302240","299423","301306","301053","300878","300035","301164","301182","299190","301214","301237","301247","301276","301260","301124","301362","299183","301416","300953","301493","301170","301316","300037","302161","300350","300010","301558","299077","14449280","2025/11/26 15:30:06"
"5115664F60","関西","神戸発電所","１号機","火力（石炭）","2025/11/25","327728","328395","327497","327650","327429","327787","327391","328012","327604","327495","327223","328158","327618","327318","327798","327658","328075","327754","328107","327911","327814","327998","328020","327851","327617","327630","328055","327398","327827","327198","327477","327868","327749","327534","327737","327343","327558","327741","327932","327704","327597","327536","327421","327718","327329","327689","327531","328154","15729634","2025/11/26 15:30:06"
"5115664F60","関西","神戸発電所","２号機","火力（石炭）","2025/11/25","0","0","0","0","0","0","0","0","0","0","0","0","0","0","0","0","0","0","0","0","0","0","0","0","0","0","0","0","0","0","0","0","0","0","0","0","0","0","0","0","0","0","0","0","0","0","0","0","0","2025/11/26 15:30:06"
"63D41","関西","舞鶴発電所","１号機","火力（石炭）","2025/11/25","421149","420866","420850","420900","420908","420987","420963","419628","421398","415526","390965","391141","391070","390905","391883","408387","420858","423997","423527","423819","423930","423743","423705","412142","409741","423727","423700","423805","423623","423750","423855","423772","423533","423829","423642","423747","423840","423795","423665","423730","423543","424044","423443","415825","408671","410527","409686","406934","20031674","2025/11/26 15:30:06"
"63D42","関西","舞鶴発電所","２号機","火力（石炭）","2025/11/25","385779","385238","385357","385731","384952","385416","386135","384500","385702","385658","385697","385409","385800","385900","385840","385823","385947","385881","385578","385966","385655","385526","385808","385639","385454","385597","385997","385635","385391","385600","385375","385557","384624","386224","386058","384958","386543","385958","385018","386367","366996","303176","240784","198454","140932","126613","107354","45089","16954691","2025/11/26 15:30:06"
"68D30","関西","電源開発高砂火力発電所","1号機","火力（石炭）","2025/11/25","57915","57958","57945","58029","58140","58172","58134","58017","58039","58139","60030","65750","101138","124508","124601","124685","124503","124789","124630","122721","89325","62290","58626","57932","58090","58076","57720","57660","57803","60034","66717","103724","124612","124717","124810","124475","124407","124520","124256","124221","124152","124208","124519","124473","103956","66558","60420","57594","4247738","2025/11/26 15:30:06"
"68D30","関西","電源開発高砂火力発電所","2号機","火力（石炭）","2025/11/25","58321","58245","58308","58346","58356","58280","58227","58241","58275","58391","62640","83533","119335","124580","125259","125202","125078","125006","125019","125056","113024","73625","62879","58637","58412","58459","58544","58540","58652","62600","84636","119889","124285","124982","125145","125145","125146","125197","125340","125225","125074","125035","124998","117021","77457","63060","58966","58488","4342159","2025/11/26 15:30:06"
"62A46","関西","南港発電所","１号機","火力（ガス）","2025/11/25",,,,,,,,,,,,,,,,,,,,,,,,,,,,,,,,,,,,,,,,,,,,,,,,,,"2025/11/26 15:30:06"
"62A47","関西","南港発電所","２号機","火力（ガス）","2025/11/25",,,,,,,,,,,,,,,,,,,,,,,,,,,,,,,,,,,,,,,,,,,,,,,,,,"2025/11/26 15:30:06"
"62A48","関西","南港発電所","３号機","火力（ガス）","2025/11/25",,,,,,,,,,,,,,,,,,,,,,,,,,,,,,,,,,,,,,,,,,,,,,,,,,"2025/11/26 15:30:06"
"62A41","関西","堺港発電所","１号機","火力（ガス）","2025/11/25","0","0","0","0","0","0","0","0","0","0","0","0","0","0","0","0","0","0","0","0","0","0","0","0","0","0","0","0","0","0","0","0","0","0","0","0","0","0","0","0","0","0","0","0","0","0","0","0","0","2025/11/26 15:30:06"
"62A42","関西","堺港発電所","２号機","火力（ガス）","2025/11/25","101719","93680","89099","97853","96699","116172","147847","145413","133239","136325","138739","139718","156848","171218","178957","117848","85068","56748","0","0","0","0","0","0","0","0","0","0","0","0","351","50116","141204","172197","165946","162243","168753","169795","172509","168456","173053","170531","165700","148883","157184","140822","148381","134438","4813752","2025/11/26 15:30:06"
"62A43","関西","堺港発電所","３号機","火力（ガス）","2025/11/25","102139","92854","88204","98311","96368","117048","150844","148181","135917","138443","141089","142257","158775","171021","178706","175463","171500","186094","145500","54148","0","0","0","0","0","0","0","0","0","1958","57628","144956","176666","174457","165918","161761","169751","169366","172649","173728","174115","171825","167863","152165","159261","142816","150640","135983","5516368","2025/11/26 15:30:06"
"62A44","関西","堺港発電所","４号機","火力（ガス）","2025/11/25","0","0","0","0","0","0","0","0","0","0","0","0","0","0","0","0","0","0","0","0","0","0","0","0","0","0","0","0","0","0","0","0","0","0","0","0","0","0","0","0","0","0","0","0","0","0","0","0","0","2025/11/26 15:30:06"
"62A45","関西","堺港発電所","５号機","火力（ガス）","2025/11/25","104070","103180","93478","99673","96659","118003","150985","148545","136047","138938","141276","142666","145572","118583","160683","179372","172586","178425","182032","183963","168729","183646","183762","142833","121129","155012","167919","137031","138004","161252","113817","161051","151530","113948","125131","100362","107918","155785","174653","171691","174877","172676","168972","151865","159502","131939","151582","136136","6977488","2025/11/26 15:30:06"
"68J45","関西","姫路第一発電所","５号機","火力（ガス）","2025/11/25","0","0","0","0","0","0","0","0","830","82323","132545","205310","251315","314427","327122","318930","313058","320310","334191","334281","316300","335375","335910","288421","181725","239332","268317","208271","200669","273779","337280","337669","338897","343505","344005","344479","337272","324055","307551","288915","301187","303340","287059","244353","234486","237083","261842","207419","10963138","2025/11/26 15:30:06"
"68J46","関西","姫路第一発電所","６号機","火力（ガス）","2025/11/25","0","0","0","0","0","0","0","0","0","0","0","21458","64119","115698","162413","213385","200723","198912","214815","216780","208426","210631","211361","183787","110456","156665","177173","133036","127346","178189","208292","212106","212561","214835","208315","211147","213062","208318","207478","199342","203413","206086","194520","161340","101700","9969","0","0","6077857","2025/11/26 15:30:06"
"68C41","関西","姫路第二発電所","１号機","火力（ガス）","2025/11/25","0","0","0","0","0","0","0","0","0","0","0","0","0","873","11994","26250","75114","163140","171447","194097","216340","219379","217795","214977","180316","200714","204294","183580","186259","210132","198991","213965","216294","215469","207221","203918","207728","210818","213619","215286","213621","214339","217408","210269","212778","207122","201049","190018","6446614","2025/11/26 15:30:06"
"68C42","関西","姫路第二発電所","２号機","火力（ガス）","2025/11/25","144442","131160","127122","140810","136298","163753","194176","200971","188704","177105","183746","188740","158468","114394","138085","187081","167800","206617","219201","224215","200250","209022","219101","210221","181017","196251","200557","183463","187923","197752","177782","199196","209618","164898","172835","145023","156621","189543","205108","203998","198270","198162","202559","200672","197894","192277","193411","191853","8778165","2025/11/26 15:30:06"
"68C43","関西","姫路第二発電所","３号機","火力（ガス）","2025/11/25","147456","134471","130603","143248","139401","165179","200953","202159","189141","192449","196729","197203","206794","212463","221202","216397","210509","224650","226001","226700","224364","223627","222745","216380","198427","203560","208815","184069","186681","212595","200675","216758","217037","216390","208420","207723","209784","211672","215202","215832","214394","215139","218065","211723","214890","207953","202816","190571","9660015","2025/11/26 15:30:06"
"68C44","関西","姫路第二発電所","４号機","火力（ガス）","2025/11/25","150029","136746","133203","145862","141614","167571","206764","208507","193202","195686","200696","200803","214754","217519","223537","218515","215722","225333","227991","228106","225915","225838","223793","217685","201255","212039","216713","189349","191346","214931","201745","219752","218620","217023","211897","209579","217559","217198","215666","218474","216991","216452","217838","211117","214303","207384","206792","194727","9804141","2025/11/26 15:30:06"
"68C45","関西","姫路第二発電所","５号機","火力（ガス）","2025/11/25",,,,,,,,,,,,,,,,,,,,,,,,,,,,,,,,,,,,,,,,,,,,,,,,,,"2025/11/26 15:30:06"
"68C46","関西","姫路第二発電所","６号機","火力（ガス）","2025/11/25","144995","127084","122493","138243","134151","164844","208326","210787","194317","177893","181217","191868","158466","112675","138970","203044","170878","222667","225471","226580","213769","223506","221875","216607","202145","212500","217201","189265","192372","210822","183266","213606","218372","166891","174002","145755","156696","203477","215525","216558","214607","215612","218687","212462","215602","208727","207608","195147","9137631","2025/11/26 15:30:06"
"62F61","関西","泉北天然ガス第一発電所","３号機","火力（ガス）","2025/11/25","0","0","0","0","0","0","820","14736","25406","77550","110573","129053","119461","113522","117291","121454","120929","122955","115743","107077","112953","119320","120065","113370","123810","128754","128294","101337","100517","100526","96670","87818","94557","123785","103289","113214","126283","129668","131436","123887","37313","0","0","0","0","0","0","0","3613436","2025/11/26 15:30:06"
"62F61","関西","泉北天然ガス第一発電所","４号機","火力（ガス）","2025/11/25","0","0","0","0","0","0","634","15179","25109","67851","116436","129486","119556","113628","117376","121596","121021","123009","115827","107173","113083","119413","120109","113485","123954","128853","128375","101407","100624","100605","96563","87551","94458","123814","103353","113351","126331","129691","131669","123962","38248","0","0","0","0","0","0","0","3612780","2025/11/26 15:30:06"
"62F60","関西","泉北天然ガス第二発電所","１号機","火力（ガス）","2025/11/25","110537","108245","105978","113684","111507","114444","112051","113629","111676","113522","115960","115109","104705","105232","112954","115627","114419","118035","110942","100868","106524","113431","112378","92511","112357","115492","115141","108241","109458","110986","108554","113158","115548","108565","100560","99226","114866","112098","106703","107429","111886","111025","115755","110559","112502","112906","113254","114097","5314334","2025/11/26 15:30:06"
"62F60","関西","泉北天然ガス第二発電所","２号機","火力（ガス）","2025/11/25","111194","108641","106437","114130","112081","115206","112568","114383","112296","113958","116427","115559","105238","105972","113486","116027","114949","118410","111346","100947","107072","113881","112850","92457","112807","116098","115673","108113","110547","112187","109421","113971","116341","109381","101760","99300","114689","112150","107348","107800","112311","111512","116410","111127","113252","113859","114242","114972","5340786","2025/11/26 15:30:06"
"62A63","関西","船町発電所","第１号発電設備","火力（ガス）","2025/11/25","0","0","0","0","0","0","0","0","0","0","0","0","0","0","0","0","0","0","0","0","0","0","0","0","0","0","0","0","0","0","0","0","0","0","0","0","0","0","0","0","0","0","0","0","0","0","0","0","0","2025/11/26 15:30:06"
"61L65","関西","酉島エネルギーセンター発電所","酉島エネルギーセンター発電所","火力（ガス）","2025/11/25","0","0","0","0","0","0","0","0","0","0","0","0","0","0","0","0","0","0","0","0","0","0","0","0","0","0","0","0","0","0","0","0","0","0","0","0","0","0","0","0","0","0","0","0","0","0","0","0","0","2025/11/26 15:30:06"
"67C41","関西","御坊発電所","１号機","火力（石油）","2025/11/25","0","0","0","0","0","0","0","0","0","0","0","0","0","0","0","0","0","0","0","0","0","0","0","0","0","0","0","0","0","0","0","0","0","0","0","0","0","0","0","0","0","0","0","0","0","0","0","0","0","2025/11/26 15:30:06"
"67C42","関西","御坊発電所","２号機","火力（石油）","2025/11/25",,,,,,,,,,,,,,,,,,,,,,,,,,,,,,,,,,,,,,,,,,,,,,,,,,"2025/11/26 15:30:06"
"67C43","関西","御坊発電所","３号機","火力（石油）","2025/11/25","0","0","0","0","0","0","0","0","0","0","0","0","0","0","0","0","0","0","0","0","0","0","0","0","0","0","0","0","0","0","0","0","0","0","0","0","0","0","0","0","0","0","0","0","0","0","0","0","0","2025/11/26 15:30:06"
"68H41","関西","赤穂発電所","１号機","火力（石油）","2025/11/25",,,,,,,,,,,,,,,,,,,,,,,,,,,,,,,,,,,,,,,,,,,,,,,,,,"2025/11/26 15:30:06"
"68H42","関西","赤穂発電所","２号機","火力（石油）","2025/11/25",,,,,,,,,,,,,,,,,,,,,,,,,,,,,,,,,,,,,,,,,,,,,,,,,,"2025/11/26 15:30:06"
"6837V","関西","相生バイオマス発電所","単独","その他","2025/11/25","85188","86625","85175","84691","84974","86316","86775","84932","85115","84640","82394","84132","85292","85402","84508","86064","87312","85266","84247","83174","82615","84376","84849","85775","86851","86479","85370","85889","83580","83023","79944","80832","84666","86422","83695","82766","85077","85258","84413","84961","84358","85578","84999","85307","84387","85366","84784","86793","4070635","2025/11/26 15:30:06"
"65736","関西","日本製鉄(株) 広畑発電所 第7号発電設備","広畑7号",,"2025/11/25","0","0","0","0","0","0","0","0","0","0","0","0","0","0","0","0","0","0","0","0","0","0","0","0","0","0","0","0","0","0","0","0","0","0","0","0","0","0","0","0","0","0","0","0","0","0","0","0","0","2025/11/26 15:30:06"
"78101","中国","島根原子力発電所第２号機","単独","原子力","2025/11/25","404572","404572","404572","404572","404572","404572","404572","404572","404572","404572","404572","404572","404572","404572","404572","404572","405533","404572","404572","404572","404572","404572","404572","404572","405533","404572","404572","404572","404572","404572","404572","404572","404572","404572","404572","404572","404572","404572","404572","405533","404572","404572","404572","404572","404572","404572","404572","404572","19422339","2025/11/26 15:30:06"
"78301","中国","俣野川発電所","１号機","水力","2025/11/25","0","0","0","0","0","0","0","0","0","0","0","0","0","0","23825","65519","62541","130045","140965","111184","144936","52614","0","0","0","0","0","0","0","0","0","0","66512","67505","64526","79417","60556","26803","0","0","0","0","0","0","0","0","0","0","1096948","2025/11/26 15:30:06"
"78301","中国","俣野川発電所","２号機","水力","2025/11/25","0","0","0","0","0","0","0","0","0","0","0","0","0","0","0","0","0","0","0","0","0","0","0","0","0","0","0","0","0","0","0","0","14891","0","993","79417","59563","14891","0","0","0","0","0","0","0","0","0","0","169755","2025/11/26 15:30:06"
"78301","中国","俣野川発電所","３号機","水力","2025/11/25","0","0","0","0","0","0","0","0","0","0","0","0","0","0","0","0","0","0","0","0","0","0","0","0","0","0","0","0","0","0","0","0","0","0","0","0","0","0","0","0","0","0","0","0","0","0","0","0","0","2025/11/26 15:30:06"
"78301","中国","俣野川発電所","４号機","水力","2025/11/25","0","0","0","0","0","0","0","0","0","0","0","0","0","0","0","0","0","0","0","0","0","0","0","0","0","0","0","0","0","0","0","0","0","0","0","0","0","0","0","0","0","0","0","0","0","0","0","0","0","2025/11/26 15:30:06"
"74104","中国","南原発電所","１号機","水力","2025/11/25","0","0","0","0","0","0","0","0","0","0","0","0","0","0","0","0","0","0","0","0","0","0","0","0","0","0","0","0","0","0","0","0","0","0","0","0","0","0","0","0","0","0","0","0","0","0","0","0","0","2025/11/26 15:30:06"
"74104","中国","南原発電所","２号機","水力","2025/11/25","0","0","0","0","0","0","10912","13888","50593","54561","0","0","0","44641","0","0","0","40673","115074","82337","109122","14880","0","0","0","0","0","0","0","0","0","0","0","58529","7936","69441","53569","0","0","0","0","0","0","0","0","0","0","0","726156","2025/11/26 15:30:06"
"73001","中国","三隅発電所第１号機","１号機","火力（石炭）","2025/11/25","0","0","0","0","0","0","0","0","0","0","0","0","0","0","0","0","0","0","0","0","0","0","0","0","0","0","0","0","0","0","0","0","0","0","0","0","0","0","0","0","0","0","0","0","0","0","0","0","0","2025/11/26 15:30:06"
"7B291","中国","三隅発電所第２号機","２号機","火力（石炭）","2025/11/25","0","0","0","0","0","0","0","0","0","0","0","0","0","0","0","0","0","0","0","0","0","0","0","0","0","0","0","0","0","0","0","0","0","0","0","0","0","0","0","0","0","0","0","0","0","0","0","0","0","2025/11/26 15:30:06"
"75101","中国","大崎発電所第１号１軸","単独","火力（石炭）","2025/11/25","0","0","0","0","0","0","0","0","0","0","0","0","0","0","0","0","0","0","0","0","0","0","0","0","0","0","0","0","0","0","0","0","0","0","0","0","0","0","0","0","0","0","0","0","0","0","0","0","0","2025/11/26 15:30:06"
"6038771106","中国","宇部興産発電所","5号機","火力（石炭）","2025/11/25","18000","17000","3000","10000","3000","7000","7000","7000","11000","2000","13000","3000","14000","11000","15000","17000","18000","20000","20000","19000","19000","19000","20000","20000","22000","22000","22000","21000","20000","21000","21000","22000","22000","23000","22000","21000","22000","21000","23000","22000","23000","22000","22000","22000","19000","20000","4000","4000","796000","2025/11/26 15:30:06"
"5AWR771132","中国","宇部興産発電所","6号","火力（石炭）","2025/11/25","95000","95000","95000","95000","95000","95000","95000","95000","95000","96000","95000","96000","95000","96000","96000","95000","95000","95000","96000","95000","96000","95000","95000","96000","95000","96000","95000","96000","95000","96000","95000","96000","95000","95000","96000","96000","95000","95000","96000","95000","95000","96000","96000","95000","95000","96000","95000","96000","4578000","2025/11/26 15:30:06"
"71202","中国","新小野田発電所第１号機","１号機","火力（石炭）","2025/11/25","234448","234448","234448","234448","234448","233504","234448","234448","234448","234448","234448","234448","233504","234448","235391","233504","234448","234448","234448","234448","234448","234448","234448","234448","233504","234448","233504","235391","233504","234448","234448","234448","234448","234448","234448","234448","234448","233504","235391","233504","234448","234448","234448","234448","234448","228783","225005","232560","11231785","2025/11/26 15:30:06"
"71203","中国","新小野田発電所第２号機","２号機","火力（石炭）","2025/11/25","189835","222264","212726","232756","227987","232756","233710","232756","233710","228941","209864","189835","163128","206049","233710","232756","233710","232756","233710","232756","233710","232756","233710","233710","232756","233710","232756","233710","232756","213680","208911","219402","232756","232756","233710","232756","232756","233710","232756","233710","232756","233710","232756","232756","232756","227987","223218","231802","10869933","2025/11/26 15:30:06"
"5AVT","中国","トクヤマ東発電所第3号発電所","単独","火力（石炭）","2025/11/25","0","0","0","0","0","0","0","0","0","0","0","0","0","0","0","0","0","0","0","0","0","0","0","0","0","0","0","0","0","0","0","0","0","0","0","0","0","0","0","0","0","0","0","0","0","0","0","0","0","2025/11/26 15:30:06"
"76404","中国","水島MZ","単独","火力（石炭）","2025/11/25","48516","48634","48588","48460","48642","48650","48520","48460","48645","48658","48589","48479","48641","48489","48647","48659","48666","48521","48486","48647","48462","48699","48427","48563","48429","48478","48631","48439","48657","48356","48633","48466","48468","48616","48563","48605","48664","48526","48499","48665","48532","48497","48601","48586","48492","48528","48599","48485","2330763","2025/11/26 15:30:06"
"72203","中国","防府バイオマス発電所","1号機","火力（石炭）","2025/11/25","51000","51000","51000","51000","51000","51000","51000","51000","51000","52000","51000","51000","51000","51000","51000","51000","51000","51000","52000","51000","51000","51000","51000","51000","51000","51000","51000","51000","51000","51000","51000","51000","51000","51000","51000","51000","51000","52000","51000","51000","51000","51000","51000","51000","52000","51000","51000","51000","2452000","2025/11/26 15:30:06"
"75202","中国","電源開発竹原火力発電所３号機","3号機","火力（石炭）","2025/11/25","306772","302514","302496","303975","323054","323360","322992","322878","322259","323687","323553","323635","322817","323706","323357","323565","323608","323588","323463","323440","323253","323131","323233","274763","219412","220476","265149","322864","322828","323159","323228","319909","322804","323560","323547","323678","323581","323780","323835","323610","323088","323762","323536","323627","323278","323579","323807","323631","15126827","2025/11/26 15:30:06"
"75202","中国","電源開発竹原火力発電所新１号機","1号機","火力（石炭）","2025/11/25","109516","82934","83003","101472","162274","161833","169210","211601","211570","211525","211515","211554","211513","211636","211528","211566","211536","211573","211528","211620","211602","211804","211626","163332","83161","82625","157759","211697","211554","211490","211483","211564","211490","211390","211585","211494","211474","211421","211519","211475","211377","211492","211433","211395","211457","211423","211497","211403","9183529","2025/11/26 15:30:06"
"72410","中国","柳井発電所第２号系列","２-１号","火力（ガス）","2025/11/25","0","0","0","0","0","0","0","0","0","0","0","0","0","0","0","0","0","0","0","0","0","0","0","11947","17987","25086","42731","53498","62480","80190","80323","78644","72205","83522","75543","88668","82304","73571","71058","74135","89295","78175","74219","8362","0","0","0","0","1323943","2025/11/26 15:30:06"
"72410","中国","柳井発電所第２号系列","２-２号","火力（ガス）","2025/11/25","0","0","0","0","0","0","0","0","0","0","0","0","0","0","0","0","0","0","0","0","0","0","0","0","0","2607","14381","19395","28525","48609","56108","66578","85343","83621","75605","88721","82401","73572","71141","74214","89401","78255","69979","1418","0","0","0","0","1109874","2025/11/26 15:30:06"
"72410","中国","柳井発電所第２号系列","２-３号","火力（ガス）","2025/11/25","0","0","0","0","0","0","0","0","0","0","0","0","0","0","0","0","0","0","0","0","0","0","0","0","0","0","10163","17588","23662","40439","53251","60975","76698","83427","75481","88534","82224","73339","70927","74013","89190","78061","70909","1869","0","0","0","0","1070750","2025/11/26 15:30:06"
"72410","中国","柳井発電所第２号系列","２-４号","火力（ガス）","2025/11/25","0","0","0","0","0","0","0","0","0","0","0","0","0","0","0","0","0","0","0","0","0","0","0","0","0","7516","34258","66494","91686","54120","63717","78567","72195","83416","75440","88592","82211","73395","70977","74004","89139","78081","73553","5455","0","0","0","0","1262816","2025/11/26 15:30:06"
"72408","中国","柳井発電所第１号系列上位","１-２号","火力（ガス）","2025/11/25","0","0","0","0","0","0","0","0","0","0","0","0","0","0","0","0","0","0","0","0","0","0","0","0","0","0","0","0","0","0","0","0","0","0","0","0","0","0","0","0","0","0","0","0","0","0","0","0","0","2025/11/26 15:30:06"
"72408","中国","柳井発電所第１号系列上位","１-３号","火力（ガス）","2025/11/25","30515","0","0","0","0","0","0","0","0","0","0","0","0","0","0","0","0","0","0","0","0","0","0","0","0","0","0","4712","29949","42578","51065","51260","50732","60103","55564","60331","60616","51626","49123","41234","46206","46907","52083","44676","11666","0","0","0","840946","2025/11/26 15:30:06"
"72408","中国","柳井発電所第１号系列上位","１-４号","火力（ガス）","2025/11/25","54802","48521","56839","56501","50959","49882","53967","52344","59555","46943","50281","43863","57114","56512","59860","50853","57418","60288","59787","59298","58898","52132","52090","57348","57836","50333","44884","59923","57814","43075","51461","51328","50958","60615","55721","60803","60907","51692","49177","41298","46266","46972","52114","44725","51363","46809","52561","50215","2544905","2025/11/26 15:30:06"
"72408","中国","柳井発電所第１号系列上位","１-５号","火力（ガス）","2025/11/25","0","0","0","0","0","0","0","0","0","0","0","0","0","0","0","0","0","0","0","0","0","0","0","0","0","0","0","0","12477","36313","50471","51090","50403","58960","55158","59221","59335","51257","48919","41108","46061","46759","51939","44522","10837","0","0","0","774830","2025/11/26 15:30:06"
"72408","中国","柳井発電所第１号系列上位","１-６号","火力（ガス）","2025/11/25","35177","48237","56337","56354","50579","49443","53570","51836","59114","46369","49795","43198","56684","56217","59394","50106","56878","60297","60272","59773","59787","52657","52838","57179","56498","49594","44717","52465","55465","42861","56831","56763","50593","59671","55300","59303","59372","51348","48989","41157","46097","46775","52038","44555","51390","46546","52213","49843","2512475","2025/11/26 15:30:06"
"74209","中国","柳井発電所第１号系列下位","１-１号","火力（ガス）","2025/11/25","0","0","0","0","0","0","0","0","0","0","0","0","0","0","0","0","0","0","0","0","0","0","0","0","0","0","748","18043","45421","46953","50402","48102","49252","60779","60779","60779","60009","45421","39689","40452","45421","45421","48485","43509","2620","0","0","0","812285","2025/11/26 15:30:06"
"76401","中国","水島発電所第１号機","１号機","火力（ガス）","2025/11/25","116217","89080","123843","123546","99578","101955","116712","96310","130875","87990","90367","74917","111067","123249","132361","105125","118594","136422","135827","134837","135332","116415","112355","132757","132955","110968","72738","102847","119882","87297","106412","103540","98786","133549","133946","134738","134738","132955","123447","122655","123348","122952","123546","77987","99182","90466","95815","100172","5430652","2025/11/26 15:30:06"
"76414","中国","水島発電所第３号機","３号機","火力（ガス）","2025/11/25","0","0","0","0","0","0","0","0","0","0","0","0","0","0","0","0","0","0","0","0","0","0","0","0","0","0","0","0","0","0","0","0","0","0","0","0","0","0","0","0","0","0","0","0","0","0","0","0","0","2025/11/26 15:30:06"
"76301","中国","玉島発電所第１号機","１号機","火力（ガス）","2025/11/25","0","0","0","0","0","0","0","0","0","0","0","0","0","0","0","0","0","0","0","0","0","0","0","0","2241","11116","24427","38725","58938","58938","71756","95914","142750","145215","144722","145708","145215","145708","145708","145215","146694","145708","145215","102323","63868","55980","55980","55980","2294044","2025/11/26 15:30:06"
"76311","中国","玉島発電所第２号機","２号機","火力（石油）","2025/11/25","0","0","0","0","0","0","0","0","0","0","0","0","0","0","0","0","0","0","0","0","0","0","0","0","0","0","0","0","0","0","0","0","0","0","0","0","0","0","0","0","0","0","0","0","0","0","0","0","0","2025/11/26 15:30:06"
"76310","中国","玉島発電所第３号機","３号機","火力（石油）","2025/11/25","0","0","0","0","0","0","0","0","0","0","0","0","0","0","0","0","0","0","0","0","0","0","0","0","0","0","0","0","0","0","0","0","0","0","0","0","0","0","0","0","0","0","0","0","0","0","0","0","0","2025/11/26 15:30:06"
"400977C645","中国","水島製油所　B工場","G8","その他","2025/11/25","11254","11252","11250","11270","11268","11222","11261","11300","11248","11273","11263","11271","11249","11261","11253","11269","11252","11213","11272","11245","11240","11286","11208","11222","11224","11267","11252","11185","11284","11305","11309","10825","9655","8533","8938","9818","10343","11286","11234","11199","11284","11259","11276","11251","11324","11239","11252","11259","530903","2025/11/26 15:30:06"
"4009774203","中国","麻里布 第２発電所","Ｇ６","その他","2025/11/25","59000","60000","59000","59000","61000","62000","62000","62000","62000","61000","61000","62000","62000","61000","62000","62000","62000","61000","61000","60000","61000","61000","60000","61000","60000","61000","62000","61000","60000","62000","61000","62000","61000","62000","61000","61000","61000","60000","61000","61000","60000","61000","60000","60000","61000","60000","61000","60000","2924000","2025/11/26 15:30:06"
"5814","中国","海田発電所","単独",,"2025/11/25","52000","51000","51000","52000","51000","52000","51000","52000","51000","52000","51000","52000","51000","51000","52000","51000","51000","52000","51000","51000","51000","51000","52000","51000","51000","52000","51000","51000","52000","51000","52000","51000","52000","51000","51000","52000","51000","52000","51000","52000","51000","52000","51000","52000","51000","52000","51000","52000","2468000","2025/11/26 15:30:06"
"81803","四国","四国電力　伊方発電所","３号機","原子力","2025/11/25","0","0","0","0","0","0","0","0","0","0","0","0","0","0","0","0","0","0","0","0","0","0","0","0","0","0","0","0","0","0","0","0","0","0","0","0","0","0","0","0","0","0","0","0","0","0","0","0","0","2025/11/26 15:30:06"
"82402","四国","四国電力　本川発電所","１号機","水力","2025/11/25","0","0","0","0","0","0","0","0","0","0","0","0","0","0","0","0","0","0","0","0","0","0","0","0","0","0","0","0","0","0","0","0","0","0","0","0","0","0","0","0","0","0","0","0","0","0","0","0","0","2025/11/26 15:30:06"
"82403","四国","四国電力　本川発電所","２号機","水力","2025/11/25","0","0","0","0","0","0","0","0","0","0","0","0","0","0","0","0","0","0","0","0","0","0","0","0","0","0","0","0","0","0","0","0","0","0","0","0","0","0","0","0","0","0","0","0","0","0","0","0","0","2025/11/26 15:30:06"
"83201","四国","四国電力　橘湾発電所","単独","火力（石炭）","2025/11/25","182000","180000","172000","172000","200000","210000","212000","213000","209000","200000","193000","190000","168000","170000","179000","191000","248000","225000","249000","250000","232000","233000","213000","221000","186000","161000","180000","179000","227000","237000","209000","220000","238000","239000","257000","259000","258000","258000","257000","228000","220000","238000","237000","252000","218000","188000","189000","193000","10240000","2025/11/26 15:30:06"
"80701","四国","四国電力　西条発電所","１号機","火力（石炭）","2025/11/25","195000","217000","219000","235000","224000","235000","239000","239000","239000","236000","239000","237000","239000","239000","239000","239000","239000","236000","238000","240000","232000","230000","225000","225000","168000","153000","221000","212000","239000","221000","238000","239000","239000","239000","239000","240000","239000","239000","239000","239000","239000","239000","239000","239000","239000","237000","225000","221000","11057000","2025/11/26 15:30:06"
"80702","四国","四国電力　西条発電所","２号機","火力（石炭）","2025/11/25","0","0","0","0","0","0","0","0","0","0","0","0","0","0","0","0","0","0","0","0","0","0","0","0","0","0","0","0","0","0","0","0","0","0","0","0","0","0","0","0","0","0","0","0","0","0","0","0","0","2025/11/26 15:30:06"
"80651","四国","壬生川火力発電所","１号機","火力（石炭）","2025/11/25","81000","80000","79000","79000","80000","79000","80000","79000","80000","79000","80000","79000","79000","81000","102000","111000","110000","111000","98000","79000","78000","61000","35000","32000","31000","32000","32000","50000","77000","78000","79000","81000","100000","104000","103000","112000","102000","102000","105000","88000","97000","86000","101000","112000","86000","80000","79000","79000","3928000","2025/11/26 15:30:06"
"80651","四国","新居浜西火力発電所","３号機","火力（石炭）","2025/11/25","0","0","0","0","0","0","0","0","0","0","0","0","0","0","0","0","0","0","0","0","0","0","0","0","0","0","0","0","0","0","0","0","0","0","0","0","0","0","0","0","0","0","0","0","0","0","0","0","0","2025/11/26 15:30:06"
"83251","四国","電源開発橘湾火力発電所","1号機","火力（石炭）","2025/11/25","308000","301000","300000","299000","299000","301000","345000","354000","355000","355000","355000","354000","355000","354000","355000","358000","442000","495000","496000","495000","496000","456000","392000","374000","375000","374000","375000","428000","444000","443000","444000","443000","444000","444000","444000","444000","443000","443000","445000","443000","444000","444000","394000","380000","380000","379000","380000","381000","19052000","2025/11/26 15:30:06"
"83251","四国","電源開発橘湾火力発電所","2号機","火力（石炭）","2025/11/25","270000","272000","270000","271000","271000","271000","271000","270000","287000","301000","301000","302000","302000","301000","302000","302000","307000","350000","351000","351000","351000","350000","351000","349000","349000","309000","300000","299000","299000","353000","398000","401000","402000","399000","402000","399000","402000","400000","402000","400000","371000","339000","340000","341000","340000","341000","342000","298000","15950000","2025/11/26 15:30:06"
"81101","四国","四国電力　坂出発電所","１号機","火力（ガス）","2025/11/25","0","0","0","0","0","46000","85000","124000","132000","131000","134000","131000","134000","132000","134000","134000","133000","134000","127000","124000","89000","59000","46000","45000","42000","42000","42000","42000","60000","111000","122000","123000","130000","130000","132000","132000","127000","117000","97000","131000","135000","133000","105000","132000","93000","53000","47000","49000","4401000","2025/11/26 15:30:06"
"81102","四国","四国電力　坂出発電所","２号機","火力（ガス）","2025/11/25","0","0","0","0","0","0","0","0","0","0","0","0","0","0","0","0","0","0","0","0","0","0","7000","13000","17000","19000","19000","22000","23000","32000","54000","102000","115000","118000","126000","118000","108000","102000","77000","71000","91000","71000","43000","0","0","0","0","0","1348000","2025/11/26 15:30:06"
"81104","四国","四国電力　坂出発電所","４号機","火力（ガス）","2025/11/25","53000","52000","68000","87000","81000","79000","84000","80000","82000","84000","93000","82000","99000","121000","156000","169000","141000","113000","106000","97000","81000","57000","48000","47000","48000","47000","48000","47000","48000","47000","56000","53000","49000","49000","54000","48000","48000","47000","48000","48000","47000","50000","48000","48000","48000","47000","48000","47000","3328000","2025/11/26 15:30:06"
"81103","四国","四国電力　坂出発電所","３号機","火力（石油）","2025/11/25","215000","216000","214000","111000","93000","82000","62000","55000","55000","49000","20000","0","0","0","0","0","0","0","0","0","0","0","0","0","0","0","0","0","0","0","0","0","0","0","0","0","10000","26000","51000","65000","94000","118000","134000","133000","159000","162000","162000","203000","2489000","2025/11/26 15:30:06"
"80102","四国","四国電力　阿南発電所","３号機","火力（石油）","2025/11/25","0","0","0","0","0","0","0","0","0","0","0","0","0","0","0","0","0","0","0","0","0","0","0","0","0","0","0","0","0","0","0","0","0","0","0","0","0","0","0","0","0","0","0","0","0","0","0","0","0","2025/11/26 15:30:06"
"98001","九州","川内原子力発電所","１号機","原子力","2025/11/25","0","0","0","0","0","0","0","0","0","0","0","0","0","0","0","0","0","0","0","0","0","0","0","0","0","0","0","0","0","0","0","0","0","0","0","0","0","0","0","0","0","0","0","0","0","0","0","0","0","2025/11/26 15:30:06"
"98001","九州","川内原子力発電所","２号機","原子力","2025/11/25","458000","458000","458000","457000","458000","457000","458000","457000","458000","456000","458000","457000","457000","457000","457000","457000","458000","457000","458000","457000","458000","457000","458000","456000","458000","457000","458000","457000","458000","457000","459000","457000","458000","457000","459000","457000","458000","458000","457000","457000","457000","456000","458000","457000","459000","458000","458000","458000","21960000","2025/11/26 15:30:06"
"95001","九州","玄海原子力発電所","３号機","原子力","2025/11/25","580000","581000","581000","580000","581000","581000","581000","580000","581000","580000","580000","580000","581000","580000","580000","580000","581000","581000","580000","581000","581000","581000","581000","581000","580000","581000","581000","580000","581000","581000","581000","580000","581000","581000","580000","581000","581000","581000","580000","581000","581000","580000","581000","581000","579000","581000","582000","580000","27870000","2025/11/26 15:30:06"
"95001","九州","玄海原子力発電所","４号機","原子力","2025/11/25","576000","577000","578000","575000","578000","577000","577000","576000","577000","576000","576000","577000","576000","577000","576000","576000","577000","576000","577000","558000","537000","538000","546000","554000","561000","568000","576000","576000","577000","577000","577000","577000","578000","576000","577000","577000","577000","578000","576000","577000","577000","576000","577000","577000","576000","576000","577000","576000","27505000","2025/11/26 15:30:06"
"97015","九州","大平発電所","１号機","水力","2025/11/25","0","0","0","0","0","0","0","0","0","0","0","0","0","0","33000","90000","121000","125000","76000","31000","0","0","0","0","0","0","0","0","0","0","11000","94000","72000","63000","71000","11000","0","0","0","0","0","0","0","0","0","0","0","0","798000","2025/11/26 15:30:06"
"97015","九州","大平発電所","２号機","水力","2025/11/25","0","0","0","0","0","0","0","0","0","0","0","0","0","0","0","0","0","0","0","0","0","0","0","0","0","0","0","0","0","0","0","0","0","0","0","0","0","0","0","0","0","0","0","0","0","0","0","0","0","2025/11/26 15:30:06"
"95012","九州","天山発電所","１号機","水力","2025/11/25","0","0","0","0","0","0","0","0","0","0","0","0","0","0","0","1000","140000","143000","51000","0","0","0","0","0","0","0","0","0","0","0","0","0","0","0","0","0","0","0","0","0","0","0","0","0","0","0","0","0","335000","2025/11/26 15:30:06"
"95012","九州","天山発電所","２号機","水力","2025/11/25","0","0","0","0","0","0","0","0","0","0","0","0","0","0","0","0","0","0","0","0","0","0","0","0","0","0","0","0","0","0","0","0","0","2000","95000","97000","101000","97000","96000","16000","0","0","0","0","0","0","0","0","504000","2025/11/26 15:30:06"
"98037","九州","小丸川発電所","１号機","水力","2025/11/25","0","0","0","0","0","0","0","0","0","0","0","0","0","0","0","0","0","0","0","0","0","0","0","0","0","0","0","0","0","0","0","0","0","0","0","0","0","0","0","0","0","0","0","0","0","0","0","0","0","2025/11/26 15:30:06"
"98037","九州","小丸川発電所","２号機","水力","2025/11/25","0","0","0","0","0","0","0","0","55000","65000","91000","68000","104000","87000","142000","131000","116000","114000","5000","0","0","0","0","0","0","0","0","0","0","0","0","0","10000","115000","114000","108000","81000","106000","84000","60000","64000","59000","59000","58000","60000","58000","59000","59000","2132000","2025/11/26 15:30:06"
"98037","九州","小丸川発電所","３号機","水力","2025/11/25","0","0","0","0","0","0","0","0","0","0","0","0","0","0","0","0","108000","112000","14000","0","0","0","0","0","0","0","0","0","0","0","0","0","0","0","0","0","0","0","0","0","0","0","0","0","0","0","0","0","234000","2025/11/26 15:30:06"
"98037","九州","小丸川発電所","４号機","水力","2025/11/25","59000","58000","59000","60000","60000","59000","61000","60000","65000","63000","75000","61000","78000","76000","116000","124000","112000","104000","0","0","0","0","0","0","0","0","0","0","0","0","0","15000","81000","108000","111000","110000","82000","111000","89000","11000","0","0","0","0","0","0","0","0","2068000","2025/11/26 15:30:06"
"940PB","九州","三池発電所","1","火力（石炭）","2025/11/25","0","0","0","0","0","0","0","0","0","0","0","0","0","0","0","0","0","0","0","0","0","0","0","0","0","0","0","0","0","0","0","0","0","0","0","0","0","0","0","0","0","0","0","0","0","0","0","0","0","2025/11/26 15:30:06"
"65739","九州","日本製鉄（株） 大分製鐵発電所 第9号発電設備","大分製鐵9号","火力（石炭）","2025/11/25","97000","90000","91000","91000","91000","91000","96000","118000","139000","139000","140000","150000","150000","151000","151000","150000","150000","131000","97000","87000","75000","72000","71000","72000","71000","85000","115000","126000","126000","127000","141000","150000","152000","151000","151000","150000","151000","137000","135000","135000","135000","135000","140000","139000","140000","139000","128000","120000","5869000","2025/11/26 15:30:06"
"95062","九州","松浦発電所","１号機","火力（石炭）","2025/11/25","0","0","0","0","0","0","0","0","0","0","0","0","0","0","0","0","0","0","0","0","0","0","0","0","0","0","0","0","0","0","0","0","0","0","0","0","0","0","0","0","0","0","0","0","0","0","0","0","0","2025/11/26 15:30:06"
"95062","九州","松浦発電所","２号機","火力（石炭）","2025/11/25","447000","420000","421000","441000","464000","450000","460000","473000","473000","472000","473000","466000","465000","470000","474000","472000","472000","472000","474000","456000","427000","389000","453000","472000","459000","444000","472000","463000","470000","461000","473000","473000","473000","470000","474000","472000","473000","472000","472000","473000","473000","472000","474000","471000","473000","472000","472000","473000","22230000","2025/11/26 15:30:06"
"OA32915H40","九州","ひびき灘石炭・バイオマス発電所","単独","火力（石炭）","2025/11/25","26000","20000","21000","21000","21000","21000","21000","21000","21000","21000","21000","21000","25000","28000","28000","29000","29000","28000","29000","28000","29000","28000","29000","29000","29000","28000","29000","28000","29000","28000","30000","35000","44000","50000","48000","36000","29000","29000","29000","29000","29000","29000","29000","29000","29000","29000","29000","29000","1357000","2025/11/26 15:30:06"
"91062","九州","苅田発電所","新１号機","火力（石炭）","2025/11/25","0","0","0","0","0","0","0","0","0","0","0","0","0","0","0","0","0","0","0","0","0","0","0","0","0","0","0","0","0","0","0","0","0","0","0","0","0","0","0","0","0","0","0","0","0","0","0","0","0","2025/11/26 15:30:06"
"97061","九州","苓北発電所","１号機","火力（石炭）","2025/11/25","272000","201000","179000","184000","271000","284000","303000","329000","328000","328000","328000","317000","323000","328000","329000","327000","328000","328000","329000","304000","251000","200000","264000","330000","304000","262000","330000","305000","324000","298000","327000","328000","328000","328000","328000","328000","328000","328000","328000","328000","329000","327000","328000","328000","328000","310000","324000","225000","14566000","2025/11/26 15:30:06"
"97061","九州","苓北発電所","２号機","火力（石炭）","2025/11/25","0","0","0","0","0","0","0","0","0","0","0","0","0","0","0","0","0","2000","8000","9000","26000","56000","60000","71000","93000","92000","135000","160000","164000","226000","249000","248000","249000","247000","296000","330000","328000","315000","316000","328000","328000","328000","328000","328000","328000","328000","328000","290000","6594000","2025/11/26 15:30:06"
"950AA","九州","電源開発松島火力発電所","1号機","火力（石炭）","2025/11/25","0","0","0","0","0","0","0","0","0","0","0","0","0","0","0","0","0","0","0","0","0","0","0","0","0","0","0","0","0","0","0","0","0","0","0","0","0","0","0","0","0","0","0","0","0","0","0","0","0","2025/11/26 15:30:06"
"950AA","九州","電源開発松島火力発電所","2号機","火力（石炭）","2025/11/25","0","0","0","0","0","0","0","0","0","0","0","0","0","0","0","0","0","0","0","0","0","0","0","0","0","0","0","0","0","0","0","0","0","0","0","0","0","0","0","0","0","0","0","0","0","0","0","0","0","2025/11/26 15:30:06"
"950AB","九州","電源開発松浦火力発電所","1号機","火力（石炭）","2025/11/25","304000","304000","304000","303000","303000","388000","424000","425000","469000","471000","471000","472000","471000","471000","471000","471000","470000","470000","470000","470000","356000","254000","254000","254000","190000","183000","246000","256000","255000","269000","350000","348000","349000","348000","348000","350000","448000","472000","471000","472000","471000","472000","472000","472000","472000","473000","472000","472000","18651000","2025/11/26 15:30:06"
"950AB","九州","電源開発松浦火力発電所","2号機","火力（石炭）","2025/11/25","408000","308000","306000","305000","397000","425000","424000","427000","471000","471000","472000","472000","472000","472000","472000","471000","471000","471000","471000","465000","319000","256000","255000","255000","254000","255000","256000","254000","255000","281000","439000","470000","471000","472000","471000","472000","471000","472000","472000","472000","472000","472000","472000","472000","472000","472000","472000","472000","19749000","2025/11/26 15:30:06"
"H709","九州","響灘火力発電所","1号機","火力（石炭）","2025/11/25","0","0","0","0","0","0","0","0","0","0","0","0","0","0","0","0","0","0","0","0","0","0","0","0","0","0","0","0","0","0","0","0","0","0","0","0","0","0","0","0","0","0","0","0","0","0","0","0","0","2025/11/26 15:30:06"
"93062","九州","新大分発電所","１号系列第１軸","火力（ガス）","2025/11/25","0","0","0","0","0","0","0","0","0","0","0","0","0","0","0","0","0","0","0","0","0","0","0","0","0","0","0","0","0","0","0","0","0","0","0","0","0","0","0","0","0","0","0","0","0","0","0","0","0","2025/11/26 15:30:06"
"93062","九州","新大分発電所","１号系列第２軸","火力（ガス）","2025/11/25","0","0","0","0","0","0","0","0","0","0","0","0","0","0","0","0","0","0","0","0","0","0","0","0","0","0","0","0","0","0","0","0","0","0","0","0","0","0","0","0","0","0","0","0","0","0","0","0","0","2025/11/26 15:30:06"
"93062","九州","新大分発電所","１号系列第３軸","火力（ガス）","2025/11/25","0","0","0","0","0","0","0","0","0","0","0","0","0","0","0","0","0","0","0","0","0","0","0","0","0","0","0","0","0","0","0","0","0","0","0","0","0","0","0","0","0","0","0","0","0","0","0","0","0","2025/11/26 15:30:06"
"93062","九州","新大分発電所","１号系列第４軸","火力（ガス）","2025/11/25","43000","42000","43000","42000","43000","42000","43000","42000","55000","54000","46000","42000","43000","42000","48000","57000","58000","59000","47000","44000","44000","43000","45000","44000","43000","46000","47000","45000","43000","44000","48000","53000","52000","58000","58000","59000","56000","58000","59000","57000","57000","46000","44000","44000","45000","43000","44000","44000","2304000","2025/11/26 15:30:06"
"93062","九州","新大分発電所","１号系列第５軸","火力（ガス）","2025/11/25","0","0","0","0","0","0","0","0","0","0","0","0","0","0","0","0","0","0","0","0","0","0","0","0","0","0","0","0","0","0","0","0","0","0","0","0","0","0","0","0","0","0","0","0","0","0","0","0","0","2025/11/26 15:30:06"
"93062","九州","新大分発電所","１号系列第６軸","火力（ガス）","2025/11/25","0","0","0","0","0","0","0","0","0","0","0","0","0","0","0","0","0","0","0","0","0","0","0","0","0","0","0","0","0","0","0","0","0","0","0","0","0","0","0","0","0","0","0","0","0","0","0","0","0","2025/11/26 15:30:06"
"93062","九州","新大分発電所","２号系列第１軸","火力（ガス）","2025/11/25","0","0","0","0","0","0","0","0","0","0","0","0","0","0","0","0","0","0","0","0","0","0","0","0","0","0","0","0","0","0","17000","21000","39000","81000","105000","105000","104000","105000","105000","104000","103000","99000","72000","65000","70000","58000","55000","55000","1363000","2025/11/26 15:30:06"
"93062","九州","新大分発電所","２号系列第２軸","火力（ガス）","2025/11/25","0","0","0","0","0","0","0","0","0","0","0","0","0","0","0","0","0","0","0","0","0","0","0","0","0","0","0","0","0","0","0","0","0","0","0","0","0","0","0","0","0","0","0","0","0","0","0","0","0","2025/11/26 15:30:06"
"93062","九州","新大分発電所","２号系列第３軸","火力（ガス）","2025/11/25","26000","26000","26000","25000","26000","26000","52000","56000","99000","103000","73000","54000","54000","53000","86000","104000","105000","104000","82000","55000","55000","55000","58000","85000","60000","81000","90000","81000","81000","79000","89000","90000","94000","103000","104000","104000","104000","104000","104000","104000","103000","99000","72000","65000","70000","58000","55000","54000","3536000","2025/11/26 15:30:06"
"93062","九州","新大分発電所","２号系列第４軸","火力（ガス）","2025/11/25","0","0","0","0","0","0","0","0","0","0","0","0","0","0","0","0","0","0","0","0","0","0","0","0","0","0","0","0","0","0","0","0","0","0","0","0","0","0","0","0","0","0","0","0","0","0","0","0","0","2025/11/26 15:30:06"
"93062","九州","新大分発電所","３号系列第１軸","火力（ガス）","2025/11/25","0","0","0","0","0","0","0","0","0","0","2000","4000","5000","13000","20000","29000","49000","67000","77000","73000","74000","74000","77000","95000","73000","92000","90000","78000","74000","82000","90000","100000","99000","107000","109000","109000","106000","109000","109000","108000","105000","101000","78000","78000","11000","0","0","0","2567000","2025/11/26 15:30:06"
"93062","九州","新大分発電所","３号系列第２軸","火力（ガス）","2025/11/25","0","0","0","0","0","0","0","0","0","0","0","4000","5000","7000","15000","20000","37000","54000","75000","74000","74000","74000","77000","96000","73000","26000","0","0","0","0","0","0","0","0","0","0","0","0","0","0","0","0","0","0","0","0","0","0","711000","2025/11/26 15:30:06"
"93062","九州","新大分発電所","３号系列第３軸","火力（ガス）","2025/11/25","0","0","0","0","0","0","0","0","0","0","0","0","0","0","0","0","0","0","0","0","0","0","0","0","0","0","0","0","0","0","0","0","0","0","0","0","0","0","0","0","0","0","0","0","0","0","0","0","0","2025/11/26 15:30:06"
"93062","九州","新大分発電所","３号系列第４軸","火力（ガス）","2025/11/25","112000","106000","104000","107000","111000","113000","136000","160000","207000","216000","186000","123000","132000","152000","203000","212000","212000","216000","186000","128000","113000","108000","169000","214000","141000","176000","175000","145000","152000","165000","165000","211000","207000","212000","213000","213000","221000","224000","225000","225000","218000","220000","185000","202000","182000","137000","164000","107000","8211000","2025/11/26 15:30:06"
"91061","九州","新小倉発電所","３号機","火力（ガス）","2025/11/25","0","0","0","0","0","0","0","0","0","0","0","0","0","0","0","0","0","0","0","0","0","0","0","0","0","0","0","0","0","0","0","0","0","0","0","0","0","0","0","0","0","0","0","0","0","0","0","0","0","2025/11/26 15:30:06"
"91061","九州","新小倉発電所","５号機","火力（ガス）","2025/11/25","0","0","0","0","0","0","0","0","0","0","0","0","0","0","0","0","0","0","0","0","0","0","0","0","0","0","0","0","0","0","0","0","0","0","0","0","0","0","0","0","0","0","0","0","0","0","0","0","0","2025/11/26 15:30:06"
"92061","九州","豊前発電所","２号機","火力（石油）","2025/11/25","0","0","0","0","0","0","0","0","0","0","0","0","0","0","0","0","0","0","0","0","0","0","0","0","0","0","0","0","0","0","0","0","0","0","0","0","0","0","0","0","0","0","0","0","0","0","0","0","0","2025/11/26 15:30:06"
"40099930AA","九州","大分 第２発電所","単独","その他","2025/11/25","10000","10000","10000","10000","10000","11000","10000","10000","10000","10000","10000","10000","10000","10000","10000","10000","10000","10000","10000","10000","10000","10000","10000","10000","10000","10000","10000","11000","10000","11000","10000","11000","10000","10000","10000","10000","10000","11000","10000","11000","10000","10000","10000","10000","10000","10000","10000","10000","486000","2025/11/26 15:30:06"
"07001","沖縄","具志川1号","1号機","火力（石炭）","2025/11/25","0","0","0","0","0","0","0","0","0","0","0","0","0","0","0","0","0","0","0","0","0","0","0","0","0","0","0","0","0","0","9100","15900","30800","36000","34500","42200","51400","51800","51700","43400","35200","33300","32100","34600","32100","23400","22600","22800","602900","2025/11/26 15:30:06"
"07002","沖縄","具志川2号","2号機","火力（石炭）","2025/11/25","23100","22800","23100","22900","22900","22800","22900","23900","25100","24900","23500","22700","22600","22500","22300","22400","22400","29400","33400","34300","34800","33300","33000","33300","33800","33400","33700","46500","50400","50900","48500","48700","38200","33000","33000","33200","32100","28400","25400","32300","33100","31200","15400","0","0","0","0","0","1305500","2025/11/26 15:30:06"
"05451","沖縄","石川石炭火力発電所１号機","1号機","火力（石炭）","2025/11/25","48500","44600","40600","40100","40600","40600","43600","45000","44600","44600","48000","57400","59400","63400","66800","66300","65800","67300","65800","66300","66800","60400","59900","53000","45500","46000","57400","58900","59400","58900","59400","58900","58900","61400","64800","66300","65800","67300","65800","64400","66300","62900","67300","66300","58900","57400","57400","59400","2754400","2025/11/26 15:30:06"
"05452","沖縄","石川石炭火力発電所２号機","2号機","火力（石炭）","2025/11/25","51500","45500","42600","41100","41600","49500","52500","53000","56400","62400","62900","57400","58400","64400","66800","67300","65800","68300","70800","69300","68800","64400","60900","49000","45500","47000","56400","63900","63400","62900","67300","69800","63900","64400","65800","68300","67800","70300","68800","64400","66300","65800","68300","69300","61900","61400","59400","60400","2913300","2025/11/26 15:30:06"
"09201","沖縄","金武1号","1号機","火力（石炭）","2025/11/25","0","0","0","0","0","0","0","0","0","0","0","0","0","0","0","0","0","0","0","0","0","0","0","0","0","0","0","0","0","0","0","0","0","0","0","0","0","0","0","0","0","0","0","0","0","0","0","0","0","2025/11/26 15:30:06"
"09202","沖縄","金武2号","2号機","火力（石炭）","2025/11/25","82900","83200","82600","80100","80700","82300","83100","83100","83300","83100","83100","83100","83000","82900","83400","82800","82800","83300","82900","83000","82800","83100","82800","78700","81500","83200","83700","83000","83200","82900","82500","82800","82900","83200","83400","83400","82800","82900","83300","83200","82800","82700","83000","83300","83100","83100","78100","60300","3946400","2025/11/26 15:30:06"
"00101","沖縄","吉の浦1号","1号機","火力（ガス）","2025/11/25","70900","72100","72000","71900","72300","72300","71900","71700","72700","72200","72300","71800","72500","72400","72700","77600","84300","84800","80200","72000","70000","72100","69900","70400","73100","72400","74400","70900","76400","88500","80100","72800","70500","72400","72600","72900","70200","70900","71500","72200","71800","70600","70200","72200","71600","71200","70900","73000","3516300","2025/11/26 15:30:06"
"00102","沖縄","吉の浦2号","2号機","火力（ガス）","2025/11/25","0","0","0","0","0","0","0","0","0","0","0","0","0","0","0","0","0","0","0","0","0","0","0","0","0","0","0","0","0","0","0","0","0","0","0","0","0","0","0","0","0","0","0","0","0","0","0","0","0","2025/11/26 15:30:06"
"05001","沖縄","牧港9号","9号機","火力（石油）","2025/11/25","0","0","0","0","0","0","0","0","0","0","0","0","0","0","0","0","0","0","0","0","0","0","0","0","0","0","0","0","0","0","0","0","0","0","0","0","0","0","0","0","0","0","0","0","0","0","0","0","0","2025/11/26 15:30:06"
"04002","沖縄","牧港GT2号","GT2号機","火力（石油）","2025/11/25","0","0","0","0","0","0","0","0","0","0","0","0","0","0","0","0","0","0","0","0","0","0","0","0","0","0","0","0","0","0","0","0","0","0","0","0","0","0","0","0","0","0","0","0","0","0","0","0","0","2025/11/26 15:30:06"
"05301","沖縄","石川1号","1号機","火力（石油）","2025/11/25","0","0","0","0","0","0","0","0","0","0","0","0","0","0","0","0","0","0","0","0","0","0","0","0","0","0","0","0","0","0","0","0","0","0","0","0","0","0","0","0","0","0","0","0","0","0","0","0","0","2025/11/26 15:30:06"
"05302","沖縄","石川2号","2号機","火力（石油）","2025/11/25","0","0","0","0","0","0","0","0","0","0","0","0","0","0","0","0","0","0","0","0","0","0","0","0","0","0","0","0","0","0","0","0","0","0","0","0","0","0","0","0","0","0","0","0","0","0","0","0","0","2025/11/26 15:30:06"
"05303","沖縄","石川GT1号","GT1号機","火力（石油）","2025/11/25","0","0","0","0","0","0","0","0","0","0","0","0","0","0","0","0","0","0","0","0","0","0","0","0","0","0","0","0","0","0","0","0","0","0","0","0","0","0","0","0","0","0","0","0","0","0","0","0","0","2025/11/26 15:30:06"
